strain,date,country
EPI_ISL_416425,2020-02-03,China
EPI_ISL_402128,2019-12-30,China
EPI_ISL_457733,2020-02-08,Taiwan
EPI_ISL_455603,2020-01-30,Australia
EPI_ISL_402132,2019-12-30,China
EPI_ISL_413868,2020-02-28,China
EPI_ISL_406798,2019-12-26,China
EPI_ISL_402121,2019-12-30,China
EPI_ISL_402130,2019-12-30,China
EPI_ISL_403930,2019-12-30,China
EPI_ISL_402123,2019-12-24,China
EPI_ISL_450196,2020-01-23,Thailand
EPI_ISL_437618,2020-01-29,Thailand
EPI_ISL_402127,2019-12-30,China
EPI_ISL_412898,2019-12-30,China
EPI_ISL_434534,2019-12-30,China
EPI_ISL_413015,2020-01-23,Canada
EPI_ISL_408008,2020-01-29,USA
EPI_ISL_408009,2020-01-29,USA
EPI_ISL_425177,2020-01-23,Canada
EPI_ISL_413014,2020-01-25,Canada
EPI_ISL_418327,2020-01-25,Canada
EPI_ISL_450412,2020-01-30,Hong Kong
EPI_ISL_416350,2020-01-29,China
EPI_ISL_451365,2020-01-26,China
EPI_ISL_412980,2020-01-18,China
EPI_ISL_455461,2020-02-06,China
EPI_ISL_455314,2020-02-28,Spain
EPI_ISL_419733,2020-01-31,Australia
EPI_ISL_412873,2020-02-06,South Korea
EPI_ISL_407071,2020-01-29,United Kingdom
EPI_ISL_407073,2020-01-29,United Kingdom
EPI_ISL_416330,2020-02-02,China
EPI_ISL_455684,2020-01-22,China
EPI_ISL_413523,2020-01-31,India
EPI_ISL_434567,2020-01-27,Hong Kong
EPI_ISL_434568,2020-01-29,Hong Kong
EPI_ISL_421241,2020-01-30,China
EPI_ISL_426163,2020-02-23,South Korea
EPI_ISL_425118,2020-01-30,South Korea
EPI_ISL_412869,2020-01-30,South Korea
EPI_ISL_411956,2020-02-11,USA
EPI_ISL_447918,2020-02-01,Thailand
EPI_ISL_406223,2020-01-22,USA
EPI_ISL_417030,2020-01-24,Australia
EPI_ISL_408665,2020-01-29,Japan
EPI_ISL_408666,2020-01-31,Japan
EPI_ISL_408667,2020-01-31,Japan
EPI_ISL_451360,2020-01-24,China
EPI_ISL_437616,2020-02-07,Thailand
EPI_ISL_435137,2020-01-29,United Arab Emirates
EPI_ISL_416429,2020-02-11,Vietnam
EPI_ISL_406034,2020-01-23,USA
EPI_ISL_428443,2020-01-21,China
EPI_ISL_434571,2020-01-22,Hong Kong
EPI_ISL_412028,2020-01-22,Hong Kong
EPI_ISL_408668,2020-01-24,Vietnam
EPI_ISL_416427,2020-01-24,Vietnam
EPI_ISL_426183,2020-02-23,South Korea
EPI_ISL_410045,2020-01-28,USA
EPI_ISL_464093,2020-04-02,Taiwan
EPI_ISL_463740,2020-03-30,United Arab Emirates
EPI_ISL_426171,2020-02-05,South Korea
EPI_ISL_412871,2020-01-31,South Korea
EPI_ISL_430738,2020-02-05,China
EPI_ISL_426181,2020-02-23,South Korea
EPI_ISL_426180,2020-02-05,South Korea
EPI_ISL_407193,2020-01-25,South Korea
EPI_ISL_413519,2020-01-28,China
EPI_ISL_424357,2020-01-28,China
EPI_ISL_412870,2020-01-30,South Korea
EPI_ISL_413513,2020-02-27,South Korea
EPI_ISL_413514,2020-02-27,South Korea
EPI_ISL_413516,2020-02-27,South Korea
EPI_ISL_427812,2020-02-19,South Korea
EPI_ISL_416885,2020-01-30,Malaysia
EPI_ISL_455790,2020-01-30,Malaysia
EPI_ISL_437620,2020-01-25,Thailand
EPI_ISL_447911,2020-01-24,Thailand
EPI_ISL_447913,2020-01-31,Thailand
EPI_ISL_447912,2020-01-25,Thailand
EPI_ISL_437615,2020-02-22,Thailand
EPI_ISL_437613,2020-02-25,Thailand
EPI_ISL_437612,2020-01-23,Thailand
EPI_ISL_447920,2020-02-25,Thailand
EPI_ISL_455624,2020-03-12,Thailand
EPI_ISL_437609,2020-03-12,Thailand
EPI_ISL_447020,2020-04-01,Thailand
EPI_ISL_455585,2020-03-14,Thailand
EPI_ISL_455938,2020-03-15,Thailand
EPI_ISL_447026,2020-04-03,Thailand
EPI_ISL_429165,2020-03-13,Thailand
EPI_ISL_429166,2020-03-13,Thailand
EPI_ISL_455606,2020-03-13,Thailand
EPI_ISL_455604,2020-03-13,Thailand
EPI_ISL_455584,2020-03-18,Thailand
EPI_ISL_408478,2020-01-21,China
EPI_ISL_418993,2020-01-29,Singapore
EPI_ISL_404895,2020-01-19,USA
EPI_ISL_416886,2020-02-04,Malaysia
EPI_ISL_418826,2020-03-10,Canada
EPI_ISL_413557,2020-02-26,USA
EPI_ISL_429649,2020-04-02,USA
EPI_ISL_417083,2020-02-28,USA
EPI_ISL_447592,2020-03-29,Taiwan
EPI_ISL_456334,2020-04-01,New Zealand
EPI_ISL_424673,2020-03-12,Mexico
EPI_ISL_417100,2020-02-29,USA
EPI_ISL_412970,2020-02-24,USA
EPI_ISL_447593,2020-04-01,Taiwan
EPI_ISL_424627,2020-03-16,Mexico
EPI_ISL_455439,2020-03-11,Mexico
EPI_ISL_426364,2020-03-12,Mexico
EPI_ISL_426363,2020-03-12,Mexico
EPI_ISL_426482,2020-03-17,Uruguay
EPI_ISL_436101,2020-03-19,Taiwan
EPI_ISL_419741,2020-03-08,Australia
EPI_ISL_434127,2020-03-08,USA
EPI_ISL_417135,2020-02-22,USA
EPI_ISL_413455,2020-02-28,USA
EPI_ISL_430272,2020-02-28,USA
EPI_ISL_417155,2020-02-28,USA
EPI_ISL_417152,2020-02-28,USA
EPI_ISL_417093,2020-02-28,USA
EPI_ISL_430273,2020-02-29,USA
EPI_ISL_455598,2020-04-01,Australia
EPI_ISL_463633,2020-05-05,USA
EPI_ISL_424849,2020-03-09,USA
EPI_ISL_449880,2020-04-07,USA
EPI_ISL_416637,2020-03-12,USA
EPI_ISL_418052,2020-03-16,USA
EPI_ISL_463659,2020-05-05,USA
EPI_ISL_443253,2020-04-04,USA
EPI_ISL_416485,2020-02-27,Spain
EPI_ISL_414623,2020-02-25,France
EPI_ISL_416477,2020-03-08,Georgia
EPI_ISL_455351,2020-02-29,Spain
EPI_ISL_455336,2020-02-29,Spain
EPI_ISL_452367,2020-04-06,Spain
EPI_ISL_451140,2020-03-24,Australia
EPI_ISL_426856,2020-03-25,Australia
EPI_ISL_454520,2020-04-26,Kazakhstan
EPI_ISL_452559,2020-03-24,Spain
EPI_ISL_416484,2020-02-27,Spain
EPI_ISL_452692,2020-02-29,Spain
EPI_ISL_425178,2020-02-28,Spain
EPI_ISL_436361,2020-02-29,Spain
EPI_ISL_418216,2020-03-13,Senegal
EPI_ISL_419687,2020-02-27,Spain
EPI_ISL_452701,2020-03-11,Spain
EPI_ISL_420117,2020-03-09,Spain
EPI_ISL_420123,2020-03-09,Spain
EPI_ISL_452675,2020-03-25,Spain
EPI_ISL_454571,2020-03-25,Kazakhstan
EPI_ISL_454499,2020-04-16,Kazakhstan
EPI_ISL_435048,2020-04-21,Kazakhstan
EPI_ISL_454516,2020-04-26,Kazakhstan
EPI_ISL_454518,2020-04-26,Kazakhstan
EPI_ISL_454577,2020-04-15,Kazakhstan
EPI_ISL_454584,2020-04-21,Kazakhstan
EPI_ISL_454572,2020-03-25,Kazakhstan
EPI_ISL_454497,2020-05-14,Kazakhstan
EPI_ISL_451076,2020-02-08,China
EPI_ISL_437725,2020-04-16,Saudi Arabia
EPI_ISL_437495,2020-03-29,Saudi Arabia
EPI_ISL_407896,2020-01-30,Australia
EPI_ISL_416415,2020-02-08,Australia
EPI_ISL_410717,2020-02-05,Australia
EPI_ISL_407894,2020-01-28,Australia
EPI_ISL_410718,2020-02-05,Australia
EPI_ISL_411954,2020-02-06,USA
EPI_ISL_457938,2020-03-15,Oman
EPI_ISL_420841,2020-03-22,Democratic Republic of the Congo
EPI_ISL_420078,2020-03-20,Senegal
EPI_ISL_431081,2020-04-06,USA
EPI_ISL_451183,2020-03-25,Uganda
EPI_ISL_451184,2020-03-26,Uganda
EPI_ISL_450188,2020-04-06,Jordan
EPI_ISL_451194,2020-03-22,Uganda
EPI_ISL_457991,2020-03-22,Oman
EPI_ISL_457993,2020-03-24,Oman
EPI_ISL_451199,2020-04-20,Uganda
EPI_ISL_437465,2020-03-23,Saudi Arabia
EPI_ISL_437760,2020-04-01,Saudi Arabia
EPI_ISL_455426,2020-03-29,Nigeria
EPI_ISL_455422,2020-03-29,Nigeria
EPI_ISL_455423,2020-03-29,Nigeria
EPI_ISL_450341,2020-05-13,Bangladesh
EPI_ISL_450342,2020-05-08,Bangladesh
EPI_ISL_455424,2020-03-29,Nigeria
EPI_ISL_437705,2020-04-14,Saudi Arabia
EPI_ISL_437722,2020-04-16,Saudi Arabia
EPI_ISL_420077,2020-03-20,Senegal
EPI_ISL_437466,2020-03-23,Saudi Arabia
EPI_ISL_437460,2020-03-23,Saudi Arabia
EPI_ISL_437459,2020-03-23,Saudi Arabia
EPI_ISL_412979,2020-01-18,China
EPI_ISL_414378,2020-02-17,Singapore
EPI_ISL_418995,2020-02-28,Singapore
EPI_ISL_413856,2020-02-07,China
EPI_ISL_418996,2020-01-27,Singapore
EPI_ISL_410535,2020-02-03,Singapore
EPI_ISL_455770,2020-05-07,India
EPI_ISL_463024,2020-05-10,India
EPI_ISL_407893,2020-01-24,Australia
EPI_ISL_411926,2020-01-24,Taiwan
EPI_ISL_414379,2020-02-18,Singapore
EPI_ISL_428718,2020-03-19,Turkey
EPI_ISL_462306,2020-02-14,Singapore
EPI_ISL_418997,2020-02-06,Singapore
EPI_ISL_419000,2020-02-13,Singapore
EPI_ISL_418998,2020-02-14,Singapore
EPI_ISL_428822,2020-02-16,Singapore
EPI_ISL_463896,2020-01-31,China
EPI_ISL_408489,2020-01-31,Taiwan
EPI_ISL_407976,2020-02-03,Belgium
EPI_ISL_416333,2020-01-30,China
EPI_ISL_462433,2020-02-19,Singapore
EPI_ISL_452535,2020-03-12,Spain
EPI_ISL_447836,2020-03-16,Greece
EPI_ISL_436263,2020-03-20,Spain
EPI_ISL_429998,2020-03-28,Jordan
EPI_ISL_445358,2020-03-13,Chile
EPI_ISL_445267,2020-03-12,Chile
EPI_ISL_447757,2020-03-31,Colombia
EPI_ISL_418245,2020-03-01,Spain
EPI_ISL_424670,2020-03-10,Mexico
EPI_ISL_447520,2020-04-01,Spain
EPI_ISL_419834,2020-02-23,Australia
EPI_ISL_455456,2020-03-12,Mexico
EPI_ISL_456117,2020-03-10,Colombia
EPI_ISL_424667,2020-03-04,Mexico
EPI_ISL_448209,2020-04-22,United Kingdom
EPI_ISL_444493,2020-03-13,Uruguay
EPI_ISL_457965,2020-04-03,Uruguay
EPI_ISL_457952,2020-03-21,Uruguay
EPI_ISL_447916,2020-01-29,Thailand
EPI_ISL_462283,2020-01-27,Singapore
EPI_ISL_451319,2020-01-27,China
EPI_ISL_455392,2020-03-17,China
EPI_ISL_437614,2020-02-25,Thailand
EPI_ISL_437608,2020-03-13,Thailand
EPI_ISL_454979,2020-03-18,China
EPI_ISL_413018,2020-02-06,South Korea
EPI_ISL_406031,2020-01-23,Taiwan
EPI_ISL_411951,2020-02-07,Sweden
EPI_ISL_437622,2020-01-23,Thailand
EPI_ISL_424352,2020-03-10,China
EPI_ISL_426629,2020-02-07,Taiwan
EPI_ISL_451299,2020-02-04,Italy
EPI_ISL_410546,2020-01-29,Italy
EPI_ISL_417486,2020-03-01,Norway
EPI_ISL_455452,2020-03-28,Poland
EPI_ISL_419241,2020-02-19,Hong Kong
EPI_ISL_420455,2020-03-04,Hong Kong
EPI_ISL_419250,2020-02-26,Hong Kong
EPI_ISL_419252,2020-02-26,Hong Kong
EPI_ISL_414569,2020-02-12,Hong Kong
EPI_ISL_412029,2020-01-30,Hong Kong
EPI_ISL_419249,2020-02-25,Hong Kong
EPI_ISL_417193,2020-02-09,Hong Kong
EPI_ISL_419221,2020-02-11,Hong Kong
EPI_ISL_414517,2020-02-25,Hong Kong
EPI_ISL_450405,2020-03-08,Hong Kong
EPI_ISL_419214,2020-02-10,Hong Kong
EPI_ISL_417187,2020-02-08,Hong Kong
EPI_ISL_417188,2020-02-08,Hong Kong
EPI_ISL_417179,2020-01-30,Hong Kong
EPI_ISL_447917,2020-01-29,Thailand
EPI_ISL_437624,2020-02-01,Thailand
EPI_ISL_416410,2020-01-24,Australia
EPI_ISL_406596,2020-01-23,France
EPI_ISL_406597,2020-01-23,France
EPI_ISL_466907,2020-05-04,Germany
EPI_ISL_411219,2020-01-28,France
EPI_ISL_410713,2020-01-27,Singapore
EPI_ISL_447915,2020-01-26,Thailand
EPI_ISL_437619,2020-01-26,Thailand
EPI_ISL_406036,2020-01-22,USA
EPI_ISL_416411,2020-01-25,Australia
EPI_ISL_408977,2020-01-25,Australia
EPI_ISL_410716,2020-02-04,Singapore
EPI_ISL_410715,2020-02-04,Singapore
EPI_ISL_410536,2020-02-06,Singapore
EPI_ISL_425117,2020-02-23,South Korea
EPI_ISL_454992,2020-02-27,China
EPI_ISL_454961,2020-03-19,China
EPI_ISL_457987,2020-03-20,Oman
EPI_ISL_402129,2019-12-30,China
EPI_ISL_412899,2019-12-30,China
EPI_ISL_417064,2020-01-21,Hong Kong
EPI_ISL_434563,2020-01-23,Hong Kong
EPI_ISL_434564,2020-01-24,Hong Kong
EPI_ISL_413522,2020-01-27,India
EPI_ISL_451328,2020-02-02,China
EPI_ISL_410719,2020-02-02,Singapore
EPI_ISL_408670,2020-01-31,USA
EPI_ISL_402124,2019-12-30,China
EPI_ISL_417178,2020-01-25,Hong Kong
EPI_ISL_402125,2019-12-26,China
EPI_ISL_403929,2019-12-30,China
EPI_ISL_402119,2019-12-30,China
EPI_ISL_450410,2020-01-31,Hong Kong
EPI_ISL_409067,2020-01-29,USA
EPI_ISL_445329,2020-03-23,Chile
EPI_ISL_435134,2020-02-08,United Arab Emirates
EPI_ISL_408669,2020-01-29,Japan
EPI_ISL_454915,2020-02-24,China
EPI_ISL_418799,2020-02-28,Australia
EPI_ISL_435138,2020-02-25,United Arab Emirates
EPI_ISL_437623,2020-01-08,Thailand
EPI_ISL_403962,2020-01-08,Thailand
EPI_ISL_428488,2020-01-31,Taiwan
EPI_ISL_428489,2020-01-31,Taiwan
EPI_ISL_416829,2020-01-24,Malaysia
EPI_ISL_430443,2020-01-28,Malaysia
EPI_ISL_416866,2020-01-24,Malaysia
EPI_ISL_407987,2020-01-25,Singapore
EPI_ISL_422429,2020-02-16,Singapore
EPI_ISL_410537,2020-02-09,Singapore
EPI_ISL_422410,2020-03-13,Taiwan
EPI_ISL_434694,2020-01-22,Thailand
EPI_ISL_455369,2020-03-02,China
EPI_ISL_455374,2020-02-10,China
EPI_ISL_450409,2020-01-30,Hong Kong
EPI_ISL_408431,2020-01-29,France
EPI_ISL_455793,2020-02-29,Malaysia
EPI_ISL_421654,2020-03-25,Latvia
EPI_ISL_410218,2020-02-05,Taiwan
EPI_ISL_459909,2020-03-02,China
EPI_ISL_404253,2020-01-21,USA
EPI_ISL_421233,2020-01-21,China
EPI_ISL_450489,2020-01-25,China
EPI_ISL_408010,2020-01-29,USA
EPI_ISL_429088,2020-02-01,China
EPI_ISL_454950,2020-03-20,China
EPI_ISL_429077,2020-02-07,China
EPI_ISL_429074,2020-02-07,China
EPI_ISL_462293,2020-02-09,Singapore
EPI_ISL_429076,2020-02-07,China
EPI_ISL_403963,2020-01-13,Thailand
EPI_ISL_406973,2020-01-23,Singapore
EPI_ISL_418269,2020-01-22,Vietnam
EPI_ISL_418267,2020-01-22,Vietnam
EPI_ISL_456193,2020-03-20,New Zealand
EPI_ISL_416907,2020-02-06,Malaysia
EPI_ISL_430444,2020-02-12,Malaysia
EPI_ISL_455792,2020-02-09,Malaysia
EPI_ISL_455791,2020-02-08,Malaysia
EPI_ISL_430439,2020-03-05,Malaysia
EPI_ISL_420890,2020-03-09,Japan
EPI_ISL_438972,2020-03-27,Japan
EPI_ISL_463007,2020-04-12,Taiwan
EPI_ISL_455141,2020-04-03,Netherlands
EPI_ISL_454752,2020-02-28,Netherlands
EPI_ISL_461276,2020-04-29,Netherlands
EPI_ISL_422893,2020-03-19,Netherlands
EPI_ISL_461101,2020-02-29,Netherlands
EPI_ISL_438032,2020-03-13,Austria
EPI_ISL_422805,2020-03-08,Netherlands
EPI_ISL_455391,2020-02-04,China
EPI_ISL_410044,2020-01-27,USA
EPI_ISL_410532,2020-01-23,Japan
EPI_ISL_447914,2020-01-25,Thailand
EPI_ISL_437621,2020-01-25,Thailand
EPI_ISL_410531,2020-01-25,Japan
EPI_ISL_411915,2020-01-25,Taiwan
EPI_ISL_407079,2020-01-29,Finland
EPI_ISL_412872,2020-02-01,South Korea
EPI_ISL_436583,2020-04-08,USA
EPI_ISL_424396,2020-03-19,Iceland
EPI_ISL_455435,2020-03-20,Mexico
EPI_ISL_413561,2020-02-27,USA
EPI_ISL_413559,2020-02-27,USA
EPI_ISL_435142,2020-03-14,United Arab Emirates
EPI_ISL_419228,2020-02-17,Hong Kong
EPI_ISL_419554,2020-02-26,USA
EPI_ISL_457726,2020-02-06,Taiwan
EPI_ISL_422428,2020-02-06,Singapore
EPI_ISL_410486,2020-02-08,France
EPI_ISL_426169,2020-02-05,South Korea
EPI_ISL_426166,2020-02-04,South Korea
EPI_ISL_411927,2020-01-28,Taiwan
EPI_ISL_424577,2020-03-27,Iceland
EPI_ISL_456393,2020-04-25,New Zealand
EPI_ISL_422053,2020-03-24,United Kingdom
EPI_ISL_421656,2020-03-25,Latvia
EPI_ISL_414509,2020-02-28,Germany
EPI_ISL_429814,2020-03-15,Canada
EPI_ISL_414574,2020-02-28,Germany
EPI_ISL_414499,2020-02-26,Germany
EPI_ISL_414506,2020-02-27,Germany
EPI_ISL_413488,2020-02-28,Germany
EPI_ISL_414508,2020-02-27,Germany
EPI_ISL_430848,2020-03-11,Sweden
EPI_ISL_455975,2020-05-11,Belgium
EPI_ISL_419655,2020-02-26,Austria
EPI_ISL_414505,2020-02-27,Germany
EPI_ISL_414504,2020-02-26,Germany
EPI_ISL_414498,2020-02-26,Germany
EPI_ISL_414497,2020-02-25,Germany
EPI_ISL_456186,2020-03-20,New Zealand
EPI_ISL_456221,2020-03-22,New Zealand
EPI_ISL_418328,2020-03-20,Canada
EPI_ISL_416488,2020-03-03,Poland
EPI_ISL_428959,2020-04-01,Luxembourg
EPI_ISL_462154,2020-04-23,Belgium
EPI_ISL_420069,2020-03-17,Senegal
EPI_ISL_466905,2020-05-02,Germany
EPI_ISL_417459,2020-03-11,Germany
EPI_ISL_419242,2020-02-23,Hong Kong
EPI_ISL_457986,2020-03-20,Oman
EPI_ISL_424703,2020-03-15,Sweden
EPI_ISL_435133,2020-03-10,United Arab Emirates
EPI_ISL_447767,2020-04-01,Colombia
EPI_ISL_454942,2020-03-02,China
EPI_ISL_413596,2020-02-28,Australia
EPI_ISL_413594,2020-02-28,Australia
EPI_ISL_427643,2020-02-28,Australia
EPI_ISL_420789,2020-03-01,USA
EPI_ISL_454955,2020-03-01,China
EPI_ISL_447253,2020-03-11,Taiwan
EPI_ISL_444849,2020-04-03,Denmark
EPI_ISL_430442,2020-02-29,Malaysia
EPI_ISL_430441,2020-02-29,Malaysia
EPI_ISL_430440,2020-03-05,Malaysia
EPI_ISL_430297,2020-03-06,South Africa
EPI_ISL_454969,2020-03-16,China
EPI_ISL_437883,2020-03-15,Greece
EPI_ISL_435127,2020-03-15,United Arab Emirates
EPI_ISL_447621,2020-04-13,Taiwan
EPI_ISL_457997,2020-03-28,Oman
EPI_ISL_420151,2020-03-17,Norway
EPI_ISL_455397,2020-03-16,China
EPI_ISL_439363,2020-05-01,United Kingdom
EPI_ISL_416601,2020-02-16,Japan
EPI_ISL_416570,2020-02-15,Japan
EPI_ISL_408430,2020-01-29,France
EPI_ISL_419832,2020-02-21,Australia
EPI_ISL_419735,2020-02-24,Australia
EPI_ISL_421235,2020-01-20,China
EPI_ISL_434569,2020-01-27,Hong Kong
EPI_ISL_434570,2020-01-29,Hong Kong
EPI_ISL_435126,2020-02-25,United Arab Emirates
EPI_ISL_416373,2020-02-07,China
EPI_ISL_412981,2020-01-18,China
EPI_ISL_428713,2020-03-18,Turkey
EPI_ISL_420142,2020-03-30,Georgia
EPI_ISL_435135,2020-02-25,United Arab Emirates
EPI_ISL_452364,2020-02-05,China
EPI_ISL_447252,2020-02-25,Taiwan
EPI_ISL_415742,2020-02-27,Taiwan
EPI_ISL_444274,2020-02-29,Taiwan
EPI_ISL_415741,2020-02-26,Taiwan
EPI_ISL_417519,2020-03-05,Taiwan
EPI_ISL_415743,2020-02-27,Taiwan
EPI_ISL_414520,2020-03-02,Germany
EPI_ISL_437327,2020-03-19,Turkey
EPI_ISL_417524,2020-03-14,Taiwan
EPI_ISL_414414,2020-02-29,Australia
EPI_ISL_413214,2020-02-29,Australia
EPI_ISL_435121,2020-02-25,United Arab Emirates
EPI_ISL_434565,2020-01-24,Hong Kong
EPI_ISL_450408,2020-01-24,Hong Kong
EPI_ISL_434566,2020-01-27,Hong Kong
EPI_ISL_418325,2020-02-20,Canada
EPI_ISL_412975,2020-02-28,Australia
EPI_ISL_430847,2020-02-27,Sweden
EPI_ISL_447019,2020-04-01,Thailand
EPI_ISL_447025,2020-04-02,Thailand
EPI_ISL_435139,2020-02-25,United Arab Emirates
EPI_ISL_413490,2020-02-27,New Zealand
EPI_ISL_435131,2020-02-25,United Arab Emirates
EPI_ISL_427133,2020-04-06,Australia
EPI_ISL_430619,2020-04-08,Australia
EPI_ISL_415644,2020-02-28,Georgia
EPI_ISL_413595,2020-02-28,Australia
EPI_ISL_457704,2020-02-24,Oman
EPI_ISL_457706,2020-03-02,Oman
EPI_ISL_421665,2020-03-10,India
EPI_ISL_437324,2020-03-19,Turkey
EPI_ISL_437322,2020-03-19,Turkey
EPI_ISL_437323,2020-03-19,Turkey
EPI_ISL_435122,2020-03-14,United Arab Emirates
EPI_ISL_451193,2020-03-30,Uganda
EPI_ISL_435120,2020-03-14,United Arab Emirates
EPI_ISL_457937,2020-03-15,Oman
EPI_ISL_457701,2020-02-23,Oman
EPI_ISL_429872,2020-03-25,Turkey
EPI_ISL_413213,2020-02-29,Australia
EPI_ISL_418383,2020-02-29,Canada
EPI_ISL_417484,2020-02-26,Norway
EPI_ISL_435045,2020-03-22,Kazakhstan
EPI_ISL_454505,2020-04-26,Kazakhstan
EPI_ISL_454510,2020-04-26,Kazakhstan
EPI_ISL_454599,2020-04-26,Kazakhstan
EPI_ISL_454594,2020-04-26,Kazakhstan
EPI_ISL_454590,2020-04-26,Kazakhstan
EPI_ISL_454591,2020-04-26,Kazakhstan
EPI_ISL_454504,2020-04-26,Kazakhstan
EPI_ISL_454598,2020-04-26,Kazakhstan
EPI_ISL_454507,2020-04-26,Kazakhstan
EPI_ISL_454509,2020-04-26,Kazakhstan
EPI_ISL_454513,2020-04-26,Kazakhstan
EPI_ISL_454514,2020-04-26,Kazakhstan
EPI_ISL_421573,2020-03-31,South Africa
EPI_ISL_435084,2020-03-29,India
EPI_ISL_443188,2020-03-18,Singapore
EPI_ISL_447921,2020-03-13,Thailand
EPI_ISL_443232,2020-03-17,Singapore
EPI_ISL_447866,2020-04-14,India
EPI_ISL_416432,2020-03-07,Saudi Arabia
EPI_ISL_452178,2020-04-19,Taiwan
EPI_ISL_447622,2020-04-27,Taiwan
EPI_ISL_452179,2020-04-19,Taiwan
EPI_ISL_429882,2020-03-29,Taiwan
EPI_ISL_459957,2020-04-01,Malaysia
EPI_ISL_447571,2020-04-01,India
EPI_ISL_447583,2020-04-16,India
EPI_ISL_419926,2020-03-21,Australia
EPI_ISL_454830,2020-04-23,India
EPI_ISL_459956,2020-03-30,Malaysia
EPI_ISL_435095,2020-03-29,India
EPI_ISL_459955,2020-03-18,Malaysia
EPI_ISL_428484,2020-04-10,India
EPI_ISL_459915,2020-05-12,India
EPI_ISL_456553,2020-05-14,Australia
EPI_ISL_462357,2020-04-06,Singapore
EPI_ISL_457977,2020-03-18,Oman
EPI_ISL_435096,2020-03-29,India
EPI_ISL_435092,2020-03-28,India
EPI_ISL_436420,2020-03-31,India
EPI_ISL_435074,2020-03-28,India
EPI_ISL_435088,2020-03-29,India
EPI_ISL_454568,2020-04-25,India
EPI_ISL_435087,2020-03-29,India
EPI_ISL_455910,2020-03-11,Thailand
EPI_ISL_455312,2020-04-09,Malaysia
EPI_ISL_459953,2020-03-16,Malaysia
EPI_ISL_417917,2020-03-20,Malaysia
EPI_ISL_459954,2020-03-16,Malaysia
EPI_ISL_417918,2020-03-18,Malaysia
EPI_ISL_462343,2020-04-20,Singapore
EPI_ISL_436422,2020-03-31,India
EPI_ISL_436449,2020-04-12,India
EPI_ISL_452215,2020-04-22,India
EPI_ISL_455656,2020-04-30,India
EPI_ISL_458073,2020-04-20,India
EPI_ISL_443212,2020-04-08,Singapore
EPI_ISL_428842,2020-04-08,Singapore
EPI_ISL_462374,2020-04-08,Singapore
EPI_ISL_462375,2020-04-09,Singapore
EPI_ISL_462382,2020-05-06,Singapore
EPI_ISL_462355,2020-04-03,Singapore
EPI_ISL_428844,2020-04-08,Singapore
EPI_ISL_462407,2020-04-06,Singapore
EPI_ISL_428845,2020-04-08,Singapore
EPI_ISL_462356,2020-04-07,Singapore
EPI_ISL_443244,2020-04-08,Singapore
EPI_ISL_462321,2020-04-27,Singapore
EPI_ISL_422434,2020-03-31,Singapore
EPI_ISL_443227,2020-03-16,Singapore
EPI_ISL_443213,2020-04-08,Singapore
EPI_ISL_443216,2020-03-19,Singapore
EPI_ISL_462286,2020-03-20,Singapore
EPI_ISL_462427,2020-05-15,Singapore
EPI_ISL_462412,2020-05-03,Singapore
EPI_ISL_462322,2020-04-27,Singapore
EPI_ISL_462397,2020-04-17,Singapore
EPI_ISL_462393,2020-05-06,Singapore
EPI_ISL_462428,2020-04-06,Singapore
EPI_ISL_428838,2020-04-08,Singapore
EPI_ISL_416607,2020-02-17,Japan
EPI_ISL_416578,2020-02-15,Japan
EPI_ISL_418994,2020-01-29,Singapore
EPI_ISL_407988,2020-02-01,Singapore
EPI_ISL_420889,2020-02-14,Japan
EPI_ISL_416566,2020-02-15,Japan
EPI_ISL_419831,2020-02-21,Australia
EPI_ISL_416624,2020-02-17,Japan
EPI_ISL_412969,2020-02-10,Japan
EPI_ISL_416587,2020-02-16,Japan
EPI_ISL_416598,2020-02-16,Japan
EPI_ISL_419835,2020-02-24,Australia
EPI_ISL_413459,2020-02-20,Japan
EPI_ISL_416614,2020-02-17,Japan
EPI_ISL_416612,2020-02-17,Japan
EPI_ISL_416617,2020-02-17,Japan
EPI_ISL_416611,2020-02-17,Japan
EPI_ISL_416628,2020-02-17,Japan
EPI_ISL_416573,2020-02-15,Japan
EPI_ISL_416575,2020-02-15,Japan
EPI_ISL_416596,2020-02-16,Japan
EPI_ISL_419211,2020-02-23,Israel
EPI_ISL_464183,2020-02-24,United Kingdom
EPI_ISL_412030,2020-02-01,Hong Kong
EPI_ISL_451298,2020-02-12,Italy
EPI_ISL_412974,2020-01-29,Italy
EPI_ISL_451302,2020-01-30,Italy
EPI_ISL_457730,2020-02-06,Taiwan
EPI_ISL_415643,2020-03-10,Georgia
EPI_ISL_416480,2020-03-11,Georgia
EPI_ISL_415641,2020-02-27,Georgia
EPI_ISL_420135,2020-02-28,Norway
EPI_ISL_417488,2020-02-29,Norway
EPI_ISL_420136,2020-03-04,Norway
EPI_ISL_456220,2020-03-22,New Zealand
EPI_ISL_413025,2020-02-27,USA
EPI_ISL_427813,2020-02-18,South Korea
EPI_ISL_427810,2020-02-18,South Korea
EPI_ISL_427809,2020-02-26,South Korea
EPI_ISL_420800,2020-02-29,South Korea
EPI_ISL_420799,2020-02-27,South Korea
EPI_ISL_456377,2020-04-15,New Zealand
EPI_ISL_418243,2020-02-28,Spain
EPI_ISL_414009,2020-02-25,United Kingdom
EPI_ISL_417483,2020-02-27,Norway
EPI_ISL_422685,2020-03-19,Netherlands
EPI_ISL_430015,2020-03-24,Jordan
EPI_ISL_429997,2020-03-16,Jordan
EPI_ISL_434475,2020-03-10,Greece
EPI_ISL_430014,2020-03-17,Jordan
EPI_ISL_450186,2020-04-07,Jordan
EPI_ISL_413019,2020-02-26,Switzerland
EPI_ISL_413016,2020-02-28,Brazil
EPI_ISL_417696,2020-03-12,Iceland
EPI_ISL_437895,2020-03-07,Greece
EPI_ISL_422750,2020-03-25,Netherlands
EPI_ISL_447271,2020-03-25,Israel
EPI_ISL_430011,2020-03-19,Jordan
EPI_ISL_430000,2020-03-30,Jordan
EPI_ISL_437611,2020-03-11,Thailand
EPI_ISL_456168,2020-03-18,New Zealand
EPI_ISL_464216,2020-02-29,United Kingdom
EPI_ISL_461182,2020-03-24,Netherlands
EPI_ISL_416032,2020-03-04,Brazil
EPI_ISL_416516,2020-03-16,Australia
EPI_ISL_419569,2020-03-07,Luxembourg
EPI_ISL_462450,2020-03-17,Bosnia and Herzegovina
EPI_ISL_437303,2020-04-17,Austria
EPI_ISL_457990,2020-03-21,Oman
EPI_ISL_457995,2020-03-26,Oman
EPI_ISL_457959,2020-03-26,Uruguay
EPI_ISL_457961,2020-03-28,Uruguay
EPI_ISL_464168,2020-02-09,United Kingdom
EPI_ISL_417498,2020-03-13,USA
EPI_ISL_418858,2020-03-13,Canada
EPI_ISL_464180,2020-02-20,United Kingdom
EPI_ISL_464178,2020-02-18,United Kingdom
EPI_ISL_414006,2020-02-28,United Kingdom
EPI_ISL_434462,2020-03-23,Greece
EPI_ISL_437910,2020-04-01,Greece
EPI_ISL_435698,2020-03-18,Singapore
EPI_ISL_437892,2020-03-19,Greece
EPI_ISL_425702,2020-03-17,United Kingdom
EPI_ISL_462422,2020-03-21,Singapore
EPI_ISL_415128,2020-02-29,Brazil
EPI_ISL_456173,2020-03-18,New Zealand
EPI_ISL_421915,2020-03-27,United Kingdom
EPI_ISL_437906,2020-03-10,Greece
EPI_ISL_434466,2020-04-04,Greece
EPI_ISL_445351,2020-04-02,Chile
EPI_ISL_455412,2020-03-29,Nigeria
EPI_ISL_434516,2020-03-16,Jordan
EPI_ISL_461968,2020-06-02,United Kingdom
EPI_ISL_455413,2020-03-27,Nigeria
EPI_ISL_455431,2020-04-02,Nigeria
EPI_ISL_434481,2020-03-19,Greece
EPI_ISL_408976,2020-01-22,Australia
EPI_ISL_419222,2020-02-11,Hong Kong
EPI_ISL_447919,2020-02-04,Thailand
EPI_ISL_437617,2020-02-03,Thailand
EPI_ISL_464092,2020-03-17,Taiwan
EPI_ISL_451195,2020-03-22,Uganda
EPI_ISL_437203,2020-04-06,Austria
EPI_ISL_437300,2020-04-14,Austria
EPI_ISL_437201,2020-04-02,Austria
EPI_ISL_457994,2020-03-25,Oman
EPI_ISL_450199,2020-01-29,Germany
EPI_ISL_450203,2020-02-01,Germany
EPI_ISL_450204,2020-02-03,Germany
EPI_ISL_450207,2020-02-07,Germany
EPI_ISL_450208,2020-02-08,Germany
EPI_ISL_450209,2020-01-30,Germany
EPI_ISL_421655,2020-03-25,Latvia
EPI_ISL_450198,2020-01-28,Germany
EPI_ISL_406862,2020-01-28,Germany
EPI_ISL_450200,2020-01-28,Germany
EPI_ISL_429674,2020-03-11,Brazil
EPI_ISL_445243,2020-04-30,Romania
EPI_ISL_447054,2020-04-30,Romania
EPI_ISL_455362,2020-04-10,Nigeria
EPI_ISL_437716,2020-04-14,Saudi Arabia
EPI_ISL_437463,2020-03-23,Saudi Arabia
EPI_ISL_447153,2020-04-18,Belgium
EPI_ISL_437304,2020-03-26,Turkey
EPI_ISL_447155,2020-04-18,Belgium
EPI_ISL_455969,2020-05-10,Belgium
EPI_ISL_455972,2020-05-10,Belgium
EPI_ISL_428346,2020-04-17,Turkey
EPI_ISL_427391,2020-04-13,Turkey
EPI_ISL_426285,2020-03-30,Latvia
EPI_ISL_450350,2020-03-28,Norway
EPI_ISL_456248,2020-03-26,New Zealand
EPI_ISL_419299,2020-03-09,Japan
EPI_ISL_419300,2020-03-20,Japan
EPI_ISL_418344,2020-02-29,Canada
EPI_ISL_418345,2020-02-29,Canada
EPI_ISL_419296,2020-03-08,Japan
EPI_ISL_437894,2020-03-05,Greece
EPI_ISL_447743,2020-03-28,Colombia
EPI_ISL_447806,2020-04-04,Colombia
EPI_ISL_459875,2020-03-27,Canada
EPI_ISL_447763,2020-03-31,Colombia
EPI_ISL_456144,2020-04-23,Colombia
EPI_ISL_418399,2020-03-13,Finland
EPI_ISL_419298,2020-03-10,Japan
EPI_ISL_463444,2020-05-01,USA
EPI_ISL_463635,2020-05-04,USA
EPI_ISL_463338,2020-04-23,USA
EPI_ISL_429681,2020-03-16,Brazil
EPI_ISL_447769,2020-04-01,Colombia
EPI_ISL_464008,2020-04-28,Canada
EPI_ISL_428798,2020-04-05,USA
EPI_ISL_447812,2020-04-05,Colombia
EPI_ISL_456153,2020-04-22,Colombia
EPI_ISL_435583,2020-02-29,USA
EPI_ISL_418382,2020-02-28,Canada
EPI_ISL_420599,2020-03-18,Argentina
EPI_ISL_447813,2020-04-05,Colombia
EPI_ISL_437481,2020-03-18,Saudi Arabia
EPI_ISL_444474,2020-04-29,India
EPI_ISL_444480,2020-04-30,India
EPI_ISL_445235,2020-04-20,Sweden
EPI_ISL_452949,2020-05-12,United Kingdom
EPI_ISL_418394,2020-03-13,Finland
EPI_ISL_418393,2020-03-13,Finland
EPI_ISL_418395,2020-03-13,Finland
EPI_ISL_418401,2020-03-14,Finland
EPI_ISL_418406,2020-03-14,Finland
EPI_ISL_437202,2020-04-03,Austria
EPI_ISL_437299,2020-04-09,Austria
EPI_ISL_437298,2020-04-08,Austria
EPI_ISL_437748,2020-04-20,Saudi Arabia
EPI_ISL_455313,2020-04-02,Malaysia
EPI_ISL_437731,2020-04-16,Saudi Arabia
EPI_ISL_437310,2020-03-27,Turkey
EPI_ISL_428723,2020-03-22,Turkey
EPI_ISL_461491,2020-05-27,India
EPI_ISL_463061,2020-05-13,India
EPI_ISL_461488,2020-05-27,India
EPI_ISL_451162,2020-05-03,India
EPI_ISL_435055,2020-04-22,India
EPI_ISL_466638,2020-05-26,Bangladesh
EPI_ISL_466639,2020-05-26,Bangladesh
EPI_ISL_466692,2020-05-26,Bangladesh
EPI_ISL_450343,2020-05-09,Bangladesh
EPI_ISL_450344,2020-05-03,Bangladesh
EPI_ISL_416521,2020-03-10,Saudi Arabia
EPI_ISL_437491,2020-03-29,Saudi Arabia
EPI_ISL_447539,2020-05-05,India
EPI_ISL_428909,2020-03-26,Russia
EPI_ISL_437713,2020-04-14,Saudi Arabia
EPI_ISL_437714,2020-04-14,Saudi Arabia
EPI_ISL_437737,2020-04-20,Saudi Arabia
EPI_ISL_437474,2020-03-29,Saudi Arabia
EPI_ISL_437473,2020-03-29,Saudi Arabia
EPI_ISL_450187,2020-04-08,Jordan
EPI_ISL_437709,2020-04-14,Saudi Arabia
EPI_ISL_456566,2020-05-09,Australia
EPI_ISL_437482,2020-03-29,Saudi Arabia
EPI_ISL_429866,2020-03-16,Turkey
EPI_ISL_437485,2020-03-29,Saudi Arabia
EPI_ISL_437470,2020-03-29,Saudi Arabia
EPI_ISL_437494,2020-03-29,Saudi Arabia
EPI_ISL_437469,2020-03-29,Saudi Arabia
EPI_ISL_437478,2020-04-09,Saudi Arabia
EPI_ISL_437487,2020-03-29,Saudi Arabia
EPI_ISL_437758,2020-04-01,Saudi Arabia
EPI_ISL_437762,2020-04-02,Saudi Arabia
EPI_ISL_429871,2020-03-23,Turkey
EPI_ISL_437493,2020-03-29,Saudi Arabia
EPI_ISL_437738,2020-04-20,Saudi Arabia
EPI_ISL_437749,2020-04-20,Saudi Arabia
EPI_ISL_450740,2020-03-30,Vietnam
EPI_ISL_418219,2020-02-26,France
EPI_ISL_435415,2020-03-30,Hungary
EPI_ISL_429669,2020-03-13,Brazil
EPI_ISL_419179,2020-03-22,France
EPI_ISL_447453,2020-04-21,Israel
EPI_ISL_419168,2020-03-17,France
EPI_ISL_445343,2020-03-25,Chile
EPI_ISL_445354,2020-04-02,Chile
EPI_ISL_445357,2020-03-12,Chile
EPI_ISL_445379,2020-04-06,Chile
EPI_ISL_445328,2020-03-23,Chile
EPI_ISL_445368,2020-03-22,Chile
EPI_ISL_443303,2020-04-09,France
EPI_ISL_437302,2020-04-17,Austria
EPI_ISL_460953,2020-05-18,Netherlands
EPI_ISL_461385,2020-05-08,Netherlands
EPI_ISL_461390,2020-05-09,Netherlands
EPI_ISL_455159,2020-04-07,Netherlands
EPI_ISL_460915,2020-05-22,Netherlands
EPI_ISL_462470,2020-04-22,Bosnia and Herzegovina
EPI_ISL_460909,2020-05-22,Netherlands
EPI_ISL_460965,2020-05-18,Netherlands
EPI_ISL_460994,2020-05-21,Netherlands
EPI_ISL_460979,2020-05-19,Netherlands
EPI_ISL_460920,2020-05-22,Netherlands
EPI_ISL_460964,2020-05-18,Netherlands
EPI_ISL_460872,2020-05-22,Netherlands
EPI_ISL_460921,2020-05-22,Netherlands
EPI_ISL_460903,2020-05-22,Netherlands
EPI_ISL_460971,2020-05-18,Netherlands
EPI_ISL_459976,2020-03-16,Morocco
EPI_ISL_420073,2020-03-19,Senegal
EPI_ISL_428347,2020-03-23,France
EPI_ISL_415654,2020-03-09,France
EPI_ISL_443306,2020-04-02,France
EPI_ISL_418390,2020-03-13,Finland
EPI_ISL_414632,2020-03-04,France
EPI_ISL_460235,2020-03-07,USA
EPI_ISL_414637,2020-03-04,France
EPI_ISL_414626,2020-02-29,France
EPI_ISL_426718,2020-03-25,Australia
EPI_ISL_417440,2020-03-17,Democratic Republic of the Congo
EPI_ISL_420034,2020-03-22,Democratic Republic of the Congo
EPI_ISL_420839,2020-03-22,Democratic Republic of the Congo
EPI_ISL_414647,2020-03-09,Democratic Republic of the Congo
EPI_ISL_443258,2020-04-02,France
EPI_ISL_447463,2020-04-16,Israel
EPI_ISL_447294,2020-03-25,Israel
EPI_ISL_447347,2020-04-15,Israel
EPI_ISL_447384,2020-03-31,Israel
EPI_ISL_455419,2020-03-29,Nigeria
EPI_ISL_443260,2020-04-02,France
EPI_ISL_454298,2020-04-11,Portugal
EPI_ISL_428930,2020-03-29,Poland
EPI_ISL_418233,2020-03-15,France
EPI_ISL_434500,2020-04-15,Luxembourg
EPI_ISL_443292,2020-04-03,France
EPI_ISL_420076,2020-03-20,Senegal
EPI_ISL_437332,2020-03-18,Turkey
EPI_ISL_455974,2020-05-11,Belgium
EPI_ISL_457996,2020-03-29,Oman
EPI_ISL_456476,2020-05-01,Australia
EPI_ISL_456504,2020-05-06,Australia
EPI_ISL_454213,2020-04-27,Portugal
EPI_ISL_454197,2020-04-24,Portugal
EPI_ISL_459906,2020-05-18,Luxembourg
EPI_ISL_459896,2020-05-14,Luxembourg
EPI_ISL_459900,2020-05-15,Luxembourg
EPI_ISL_459893,2020-05-15,Luxembourg
EPI_ISL_459899,2020-05-15,Luxembourg
EPI_ISL_459901,2020-05-19,Luxembourg
EPI_ISL_459903,2020-05-19,Luxembourg
EPI_ISL_459894,2020-05-12,Luxembourg
EPI_ISL_445075,2020-05-08,Luxembourg
EPI_ISL_455900,2020-03-10,Sweden
EPI_ISL_416502,2020-02-26,France
EPI_ISL_416478,2020-03-14,Georgia
EPI_ISL_443215,2020-03-18,Singapore
EPI_ISL_418218,2020-02-21,France
EPI_ISL_429968,2020-02-21,France
EPI_ISL_443230,2020-03-17,Singapore
EPI_ISL_422419,2020-03-19,Taiwan
EPI_ISL_451892,2020-04-07,Switzerland
EPI_ISL_447313,2020-04-05,Israel
EPI_ISL_425138,2020-03-19,Germany
EPI_ISL_417338,2020-03-07,France
EPI_ISL_435314,2020-03-13,Vietnam
EPI_ISL_420072,2020-03-18,Senegal
EPI_ISL_455450,2020-03-26,Poland
EPI_ISL_427306,2020-03-10,Brazil
EPI_ISL_435119,2020-03-12,United Arab Emirates
EPI_ISL_430850,2020-03-11,Sweden
EPI_ISL_414625,2020-02-26,France
EPI_ISL_443285,2020-04-02,France
EPI_ISL_459982,2020-04-18,Morocco
EPI_ISL_452056,2020-04-15,Denmark
EPI_ISL_437309,2020-03-26,Turkey
EPI_ISL_451831,2020-03-31,Switzerland
EPI_ISL_437365,2020-04-05,USA
EPI_ISL_422421,2020-03-19,Taiwan
EPI_ISL_428877,2020-03-19,Russia
EPI_ISL_437987,2020-03-13,Austria
EPI_ISL_420150,2020-03-09,Norway
EPI_ISL_418374,2020-03-11,Canada
EPI_ISL_420312,2020-03-18,Norway
EPI_ISL_420311,2020-03-18,Norway
EPI_ISL_429992,2020-03-22,Jordan
EPI_ISL_451867,2020-04-07,Switzerland
EPI_ISL_449791,2020-04-04,Norway
EPI_ISL_415159,2020-02-29,Belgium
EPI_ISL_413572,2020-03-01,Netherlands
EPI_ISL_459979,2020-04-19,Morocco
EPI_ISL_429311,2020-03-17,Denmark
EPI_ISL_456297,2020-04-01,New Zealand
EPI_ISL_452088,2020-04-25,Denmark
EPI_ISL_452057,2020-04-15,Denmark
EPI_ISL_444967,2020-03-30,Denmark
EPI_ISL_444911,2020-03-30,Denmark
EPI_ISL_456463,2020-04-27,Australia
EPI_ISL_456540,2020-05-02,Australia
EPI_ISL_456550,2020-05-09,Australia
EPI_ISL_421503,2020-03-12,France
EPI_ISL_426887,2020-03-31,Czech Republic
EPI_ISL_426884,2020-03-27,Czech Republic
EPI_ISL_426051,2020-03-20,Czech Republic
EPI_ISL_450739,2020-03-17,Vietnam
EPI_ISL_461473,2020-05-29,USA
EPI_ISL_443315,2020-04-02,France
EPI_ISL_459891,2020-03-30,Canada
EPI_ISL_451266,2020-05-07,USA
EPI_ISL_451248,2020-05-07,USA
EPI_ISL_434946,2020-03-29,USA
EPI_ISL_463906,2020-04-06,Canada
EPI_ISL_463942,2020-04-03,Canada
EPI_ISL_430708,2020-04-14,Australia
EPI_ISL_451282,2020-05-06,USA
EPI_ISL_463298,2020-04-04,USA
EPI_ISL_434847,2020-03-22,USA
EPI_ISL_427383,2020-04-08,Belgium
EPI_ISL_419591,2020-03-14,Luxembourg
EPI_ISL_419597,2020-03-15,Luxembourg
EPI_ISL_420048,2020-03-18,France
EPI_ISL_418209,2020-03-03,Senegal
EPI_ISL_447389,2020-03-29,Israel
EPI_ISL_418206,2020-02-28,Senegal
EPI_ISL_418207,2020-03-02,Senegal
EPI_ISL_418208,2020-03-04,Senegal
EPI_ISL_460835,2020-05-01,Netherlands
EPI_ISL_443279,2020-04-01,France
EPI_ISL_463947,2020-04-04,Canada
EPI_ISL_418358,2020-03-12,Canada
EPI_ISL_417420,2020-03-23,China
EPI_ISL_463130,2020-05-12,USA
EPI_ISL_447402,2020-04-02,Israel
EPI_ISL_456251,2020-03-26,New Zealand
EPI_ISL_447338,2020-04-16,Israel
EPI_ISL_447434,2020-04-03,Israel
EPI_ISL_447401,2020-04-02,Israel
EPI_ISL_454501,2020-04-20,Kazakhstan
EPI_ISL_454585,2020-05-04,Kazakhstan
EPI_ISL_454575,2020-05-09,Kazakhstan
EPI_ISL_430810,2020-04-07,Argentina
EPI_ISL_430816,2020-04-18,Argentina
EPI_ISL_447444,2020-03-30,Israel
EPI_ISL_447438,2020-04-03,Israel
EPI_ISL_430798,2020-03-28,Argentina
EPI_ISL_465696,2020-03-27,Canada
EPI_ISL_447290,2020-03-26,Israel
EPI_ISL_447283,2020-03-28,Israel
EPI_ISL_435410,2020-03-26,Hungary
EPI_ISL_418400,2020-03-13,Finland
EPI_ISL_418396,2020-03-13,Finland
EPI_ISL_437985,2020-03-13,Austria
EPI_ISL_455434,2020-03-13,Mexico
EPI_ISL_447426,2020-04-03,Israel
EPI_ISL_443302,2020-03-23,France
EPI_ISL_415466,2020-03-09,Netherlands
EPI_ISL_437938,2020-04-03,Austria
EPI_ISL_425122,2020-03-16,Germany
EPI_ISL_450347,2020-03-25,Norway
EPI_ISL_438180,2020-04-18,USA
EPI_ISL_434191,2020-03-28,USA
EPI_ISL_463610,2020-05-04,USA
EPI_ISL_418220,2020-02-28,France
EPI_ISL_434663,2020-04-06,Sweden
EPI_ISL_447287,2020-03-26,Israel
EPI_ISL_435412,2020-03-30,Hungary
EPI_ISL_419549,2020-03-15,Germany
EPI_ISL_429787,2020-03-22,Luxembourg
EPI_ISL_419595,2020-03-12,Luxembourg
EPI_ISL_419708,2020-03-12,USA
EPI_ISL_430858,2020-04-02,Sweden
EPI_ISL_444954,2020-03-31,Denmark
EPI_ISL_444885,2020-03-28,Denmark
EPI_ISL_437095,2020-03-23,Latvia
EPI_ISL_429131,2020-03-27,Sweden
EPI_ISL_437020,2020-03-28,Denmark
EPI_ISL_452066,2020-04-27,Denmark
EPI_ISL_444929,2020-03-30,Denmark
EPI_ISL_434674,2020-04-21,Sweden
EPI_ISL_459998,2020-05-06,USA
EPI_ISL_456303,2020-04-02,New Zealand
EPI_ISL_460336,2020-04-06,USA
EPI_ISL_456246,2020-03-26,New Zealand
EPI_ISL_456266,2020-03-27,New Zealand
EPI_ISL_456268,2020-03-27,New Zealand
EPI_ISL_456316,2020-04-01,New Zealand
EPI_ISL_456328,2020-04-01,New Zealand
EPI_ISL_416506,2020-03-03,France
EPI_ISL_437965,2020-03-19,Austria
EPI_ISL_465692,2020-03-27,Canada
EPI_ISL_449793,2020-04-02,Norway
EPI_ISL_449792,2020-04-05,Norway
EPI_ISL_449794,2020-04-02,Norway
EPI_ISL_429996,2020-03-23,Jordan
EPI_ISL_430006,2020-03-23,Jordan
EPI_ISL_455107,2020-05-12,Sweden
EPI_ISL_455845,2020-03-08,Sweden
EPI_ISL_434659,2020-04-06,Sweden
EPI_ISL_455104,2020-05-06,Sweden
EPI_ISL_445240,2020-04-22,Sweden
EPI_ISL_450811,2020-04-06,Sweden
EPI_ISL_455105,2020-05-07,Sweden
EPI_ISL_434675,2020-04-20,Sweden
EPI_ISL_450832,2020-05-04,Sweden
EPI_ISL_457707,2020-03-24,Oman
EPI_ISL_445236,2020-04-21,Sweden
EPI_ISL_462471,2020-03-28,Bosnia and Herzegovina
EPI_ISL_437654,2020-04-04,Denmark
EPI_ISL_455103,2020-04-27,Sweden
EPI_ISL_445239,2020-04-19,Sweden
EPI_ISL_434641,2020-03-25,Sweden
EPI_ISL_445237,2020-04-21,Sweden
EPI_ISL_445227,2020-04-01,Sweden
EPI_ISL_455108,2020-05-13,Sweden
EPI_ISL_420906,2020-03-16,Germany
EPI_ISL_421756,2020-03-17,Luxembourg
EPI_ISL_426961,2020-03-27,Australia
EPI_ISL_447291,2020-03-26,Israel
EPI_ISL_462396,2020-03-21,Singapore
EPI_ISL_445067,2020-04-21,Luxembourg
EPI_ISL_456728,2020-05-21,United Kingdom
EPI_ISL_456147,2020-04-01,Colombia
EPI_ISL_445085,2020-04-02,Colombia
EPI_ISL_456151,2020-03-19,Colombia
EPI_ISL_445284,2020-03-19,Chile
EPI_ISL_450346,2020-03-25,Norway
EPI_ISL_445283,2020-03-19,Chile
EPI_ISL_456188,2020-03-22,New Zealand
EPI_ISL_429883,2020-03-23,Taiwan
EPI_ISL_447771,2020-04-01,Colombia
EPI_ISL_447768,2020-03-31,Colombia
EPI_ISL_458233,2020-03-31,Belgium
EPI_ISL_447766,2020-04-01,Colombia
EPI_ISL_430573,2020-04-07,Australia
EPI_ISL_436108,2020-04-02,Taiwan
EPI_ISL_447793,2020-04-03,Colombia
EPI_ISL_447467,2020-04-15,Israel
EPI_ISL_447455,2020-04-20,Israel
EPI_ISL_452149,2020-04-09,Belgium
EPI_ISL_417875,2020-03-10,Iceland
EPI_ISL_460816,2020-03-15,Netherlands
EPI_ISL_447374,2020-04-01,Israel
EPI_ISL_447372,2020-04-01,Israel
EPI_ISL_429378,2020-03-09,Denmark
EPI_ISL_429395,2020-03-09,Denmark
EPI_ISL_429358,2020-03-09,Denmark
EPI_ISL_447795,2020-04-04,Colombia
EPI_ISL_456214,2020-03-20,New Zealand
EPI_ISL_435700,2020-03-18,Singapore
EPI_ISL_435123,2020-03-12,United Arab Emirates
EPI_ISL_418351,2020-03-12,Canada
EPI_ISL_418386,2020-03-13,Finland
EPI_ISL_435130,2020-03-12,United Arab Emirates
EPI_ISL_429534,2020-03-25,Denmark
EPI_ISL_443314,2020-04-14,France
EPI_ISL_447297,2020-03-24,Israel
EPI_ISL_422412,2020-03-14,Taiwan
EPI_ISL_438034,2020-03-14,Austria
EPI_ISL_419541,2020-03-14,Germany
EPI_ISL_438037,2020-03-14,Austria
EPI_ISL_417742,2020-03-16,Iceland
EPI_ISL_420905,2020-03-16,Germany
EPI_ISL_437643,2020-04-02,Denmark
EPI_ISL_437645,2020-04-02,Denmark
EPI_ISL_452092,2020-04-14,Denmark
EPI_ISL_435706,2020-04-08,USA
EPI_ISL_437949,2020-03-24,Austria
EPI_ISL_463996,2020-04-23,Canada
EPI_ISL_462902,2020-05-14,USA
EPI_ISL_414642,2020-03-08,Finland
EPI_ISL_429352,2020-03-08,Denmark
EPI_ISL_454477,2020-03-10,Sweden
EPI_ISL_435129,2020-03-10,United Arab Emirates
EPI_ISL_420143,2020-03-10,Norway
EPI_ISL_454898,2020-03-10,Sweden
EPI_ISL_444841,2020-03-10,Denmark
EPI_ISL_454446,2020-03-10,Sweden
EPI_ISL_437392,2020-04-13,USA
EPI_ISL_437382,2020-04-14,USA
EPI_ISL_455429,2020-03-27,Nigeria
EPI_ISL_420140,2020-03-28,Georgia
EPI_ISL_447055,2020-04-29,Georgia
EPI_ISL_447056,2020-04-29,Georgia
EPI_ISL_419606,2020-03-11,Luxembourg
EPI_ISL_418967,2020-03-11,USA
EPI_ISL_420630,2020-03-23,USA
EPI_ISL_444735,2020-04-02,USA
EPI_ISL_437432,2020-04-09,USA
EPI_ISL_419545,2020-03-15,Germany
EPI_ISL_419543,2020-03-15,Germany
EPI_ISL_437683,2020-04-01,Denmark
EPI_ISL_450745,2020-03-26,Vietnam
EPI_ISL_430386,2020-04-08,USA
EPI_ISL_452054,2020-04-14,Denmark
EPI_ISL_443284,2020-04-02,France
EPI_ISL_463988,2020-03-13,Canada
EPI_ISL_422430,2020-03-13,Singapore
EPI_ISL_421417,2020-03-17,USA
EPI_ISL_451803,2020-03-30,Switzerland
EPI_ISL_436962,2020-04-02,Denmark
EPI_ISL_463981,2020-03-29,Canada
EPI_ISL_425132,2020-03-23,Germany
EPI_ISL_454532,2020-03-23,India
EPI_ISL_452195,2020-04-19,India
EPI_ISL_418251,2020-02-25,Spain
EPI_ISL_418247,2020-02-26,Spain
EPI_ISL_437331,2020-03-25,Turkey
EPI_ISL_437335,2020-03-25,Turkey
EPI_ISL_437747,2020-04-20,Saudi Arabia
EPI_ISL_450528,2020-03-30,Poland
EPI_ISL_452354,2020-03-07,China
EPI_ISL_452356,2020-03-21,China
EPI_ISL_435136,2020-03-11,United Arab Emirates
EPI_ISL_429136,2020-03-04,Sweden
EPI_ISL_429158,2020-03-10,Sweden
EPI_ISL_429141,2020-03-06,Sweden
EPI_ISL_454831,2020-04-29,India
EPI_ISL_437472,2020-03-29,Saudi Arabia
EPI_ISL_437752,2020-04-20,Saudi Arabia
EPI_ISL_451307,2020-02-21,Italy
EPI_ISL_416482,2020-03-13,Georgia
EPI_ISL_456365,2020-04-09,New Zealand
EPI_ISL_456362,2020-04-09,New Zealand
EPI_ISL_454252,2020-04-06,Portugal
EPI_ISL_454272,2020-05-02,Portugal
EPI_ISL_443307,2020-04-09,France
EPI_ISL_448790,2020-04-08,United Kingdom
EPI_ISL_451978,2020-04-01,Poland
EPI_ISL_451972,2020-04-02,Poland
EPI_ISL_451979,2020-03-31,Poland
EPI_ISL_466888,2020-04-20,Germany
EPI_ISL_429137,2020-03-04,Sweden
EPI_ISL_417563,2020-03-16,Iceland
EPI_ISL_420139,2020-03-05,Norway
EPI_ISL_454527,2020-03-13,India
EPI_ISL_437301,2020-04-17,Austria
EPI_ISL_426289,2020-03-30,Latvia
EPI_ISL_452098,2020-05-09,Denmark
EPI_ISL_413999,2020-02-27,Switzerland
EPI_ISL_447240,2020-04-24,Democratic Republic of the Congo
EPI_ISL_420032,2020-03-22,Democratic Republic of the Congo
EPI_ISL_417434,2020-03-14,Democratic Republic of the Congo
EPI_ISL_443294,2020-04-06,France
EPI_ISL_451830,2020-03-31,Switzerland
EPI_ISL_447248,2020-04-25,Democratic Republic of the Congo
EPI_ISL_447235,2020-04-23,Democratic Republic of the Congo
EPI_ISL_447232,2020-04-23,Democratic Republic of the Congo
EPI_ISL_454900,2020-03-10,Sweden
EPI_ISL_428870,2020-03-13,Russia
EPI_ISL_428879,2020-03-19,Russia
EPI_ISL_428960,2020-04-02,Luxembourg
EPI_ISL_429734,2020-03-20,Luxembourg
EPI_ISL_418260,2020-03-16,Italy
EPI_ISL_455445,2020-03-13,Poland
EPI_ISL_455446,2020-03-13,Poland
EPI_ISL_435128,2020-03-15,United Arab Emirates
EPI_ISL_460079,2020-02-22,Italy
EPI_ISL_460083,2020-02-26,Italy
EPI_ISL_457749,2020-02-27,Italy
EPI_ISL_462462,2020-03-23,Bosnia and Herzegovina
EPI_ISL_420146,2020-03-11,Norway
EPI_ISL_418801,2020-03-14,Australia
EPI_ISL_462248,2020-04-07,Belgium
EPI_ISL_447837,2020-03-20,Norway
EPI_ISL_455700,2020-03-25,Vietnam
EPI_ISL_428861,2020-03-11,Russia
EPI_ISL_420313,2020-03-10,Norway
EPI_ISL_455121,2020-04-06,Netherlands
EPI_ISL_461329,2020-04-28,Netherlands
EPI_ISL_460938,2020-04-30,Netherlands
EPI_ISL_450352,2020-03-11,Norway
EPI_ISL_436900,2020-05-04,USA
EPI_ISL_420456,2020-02-22,Australia
EPI_ISL_445334,2020-03-29,Chile
EPI_ISL_428932,2020-03-28,Poland
EPI_ISL_414523,2020-02-27,United Kingdom
EPI_ISL_437904,2020-03-10,Greece
EPI_ISL_445295,2020-03-21,Chile
EPI_ISL_460684,2020-03-24,Netherlands
EPI_ISL_435141,2020-03-12,United Arab Emirates
EPI_ISL_424626,2020-03-15,Mexico
EPI_ISL_448313,2020-04-22,United Kingdom
EPI_ISL_451202,2020-05-01,Uganda
EPI_ISL_429732,2020-03-23,Luxembourg
EPI_ISL_413602,2020-03-03,Finland
EPI_ISL_460093,2020-02-29,Italy
EPI_ISL_434878,2020-03-24,USA
EPI_ISL_455973,2020-05-10,Belgium
EPI_ISL_414624,2020-02-26,France
EPI_ISL_428876,2020-03-19,Russia
EPI_ISL_413575,2020-02-29,Netherlands
EPI_ISL_451862,2020-04-07,Switzerland
EPI_ISL_445055,2020-04-22,Luxembourg
EPI_ISL_435146,2020-04-07,Italy
EPI_ISL_435147,2020-04-08,Italy
EPI_ISL_437221,2020-04-06,Germany
EPI_ISL_466889,2020-04-19,Germany
EPI_ISL_452191,2020-04-03,Italy
EPI_ISL_452190,2020-04-03,Italy
EPI_ISL_413996,2020-02-24,Switzerland
EPI_ISL_461965,2020-06-02,United Kingdom
EPI_ISL_418842,2020-03-11,Canada
EPI_ISL_419255,2020-03-23,Italy
EPI_ISL_429226,2020-03-17,Italy
EPI_ISL_421760,2020-03-17,Luxembourg
EPI_ISL_444432,2020-04-20,United Kingdom
EPI_ISL_437291,2020-04-06,Germany
EPI_ISL_437911,2020-03-31,Greece
EPI_ISL_437292,2020-04-07,Germany
EPI_ISL_421550,2020-03-16,USA
EPI_ISL_437339,2020-04-15,Democratic Republic of the Congo
EPI_ISL_453999,2020-04-20,Portugal
EPI_ISL_453998,2020-04-20,Portugal
EPI_ISL_444972,2020-04-05,Spain
EPI_ISL_430796,2020-03-27,Argentina
EPI_ISL_460090,2020-02-28,Italy
EPI_ISL_464195,2020-02-26,United Kingdom
EPI_ISL_420346,2020-03-09,Belgium
EPI_ISL_462236,2020-04-03,Belgium
EPI_ISL_460088,2020-02-26,Italy
EPI_ISL_460086,2020-02-24,Italy
EPI_ISL_416524,2020-03-11,Japan
EPI_ISL_416525,2020-03-11,Japan
EPI_ISL_454000,2020-03-09,Portugal
EPI_ISL_425140,2020-03-20,Germany
EPI_ISL_456353,2020-04-05,New Zealand
EPI_ISL_435431,2020-03-25,Hungary
EPI_ISL_451879,2020-04-07,Switzerland
EPI_ISL_449070,2020-05-04,United Kingdom
EPI_ISL_466949,2020-03-10,Switzerland
EPI_ISL_437354,2020-04-17,Democratic Republic of the Congo
EPI_ISL_418217,2020-03-13,Senegal
EPI_ISL_424647,2020-04-04,Belgium
EPI_ISL_451180,2020-04-14,Belgium
EPI_ISL_416752,2020-03-04,France
EPI_ISL_451914,2020-04-07,Switzerland
EPI_ISL_420853,2020-03-26,Democratic Republic of the Congo
EPI_ISL_458195,2020-03-29,Belgium
EPI_ISL_466977,2020-03-12,Switzerland
EPI_ISL_443291,2020-04-02,France
EPI_ISL_443261,2020-04-03,France
EPI_ISL_458215,2020-03-29,Belgium
EPI_ISL_429739,2020-04-09,Luxembourg
EPI_ISL_417337,2020-03-07,France
EPI_ISL_417339,2020-03-08,France
EPI_ISL_445057,2020-04-23,Luxembourg
EPI_ISL_417534,2020-03-18,Luxembourg
EPI_ISL_419570,2020-03-12,Luxembourg
EPI_ISL_443305,2020-04-13,France
EPI_ISL_420030,2020-03-21,Democratic Republic of the Congo
EPI_ISL_447140,2020-04-18,Belgium
EPI_ISL_421214,2020-03-30,Belgium
EPI_ISL_459981,2020-04-19,Morocco
EPI_ISL_459974,2020-03-20,Morocco
EPI_ISL_459972,2020-03-20,Morocco
EPI_ISL_459898,2020-05-13,Luxembourg
EPI_ISL_459905,2020-05-12,Luxembourg
EPI_ISL_434511,2020-04-21,Luxembourg
EPI_ISL_417437,2020-03-17,Democratic Republic of the Congo
EPI_ISL_417941,2020-03-18,Democratic Republic of the Congo
EPI_ISL_417942,2020-03-18,Democratic Republic of the Congo
EPI_ISL_417442,2020-03-18,Democratic Republic of the Congo
EPI_ISL_434632,2020-04-09,France
EPI_ISL_420070,2020-03-17,Senegal
EPI_ISL_434634,2020-04-11,France
EPI_ISL_434630,2020-04-08,France
EPI_ISL_434635,2020-04-11,France
EPI_ISL_457974,2020-03-14,Oman
EPI_ISL_461335,2020-05-14,Netherlands
EPI_ISL_422612,2020-04-01,Netherlands
EPI_ISL_420598,2020-03-22,Argentina
EPI_ISL_418419,2020-03-16,France
EPI_ISL_450311,2020-03-27,Canada
EPI_ISL_420847,2020-03-26,Democratic Republic of the Congo
EPI_ISL_420409,2020-03-25,Belgium
EPI_ISL_429811,2020-03-12,Canada
EPI_ISL_465689,2020-03-27,Canada
EPI_ISL_463930,2020-04-02,Canada
EPI_ISL_463968,2020-04-09,Canada
EPI_ISL_463917,2020-04-09,Canada
EPI_ISL_452223,2020-03-02,Germany
EPI_ISL_437778,2020-04-16,USA
EPI_ISL_421506,2020-03-21,France
EPI_ISL_451720,2020-03-16,Switzerland
EPI_ISL_429766,2020-03-23,Luxembourg
EPI_ISL_434507,2020-04-12,Luxembourg
EPI_ISL_451810,2020-03-31,Switzerland
EPI_ISL_459968,2020-03-17,Morocco
EPI_ISL_417438,2020-03-17,Democratic Republic of the Congo
EPI_ISL_421653,2020-03-25,Latvia
EPI_ISL_426288,2020-03-30,Latvia
EPI_ISL_451886,2020-04-06,Switzerland
EPI_ISL_451877,2020-04-07,Switzerland
EPI_ISL_417947,2020-03-19,Democratic Republic of the Congo
EPI_ISL_420365,2020-03-19,Belgium
EPI_ISL_445216,2020-04-28,Bangladesh
EPI_ISL_466939,2020-03-08,Switzerland
EPI_ISL_466954,2020-03-10,Switzerland
EPI_ISL_461490,2020-05-27,India
EPI_ISL_451728,2020-03-16,Switzerland
EPI_ISL_435429,2020-03-28,Hungary
EPI_ISL_455978,2020-05-10,Belgium
EPI_ISL_447236,2020-04-24,Democratic Republic of the Congo
EPI_ISL_435163,2020-04-12,Democratic Republic of the Congo
EPI_ISL_450519,2020-04-14,Latvia
EPI_ISL_450523,2020-04-28,Latvia
EPI_ISL_434489,2020-04-13,Luxembourg
EPI_ISL_451755,2020-03-25,Switzerland
EPI_ISL_462474,2020-03-29,Bosnia and Herzegovina
EPI_ISL_424658,2020-04-05,Belgium
EPI_ISL_462458,2020-03-21,Bosnia and Herzegovina
EPI_ISL_462451,2020-03-19,Bosnia and Herzegovina
EPI_ISL_415705,2020-03-06,Switzerland
EPI_ISL_420611,2020-03-23,France
EPI_ISL_426806,2020-03-24,Australia
EPI_ISL_462475,2020-03-30,Bosnia and Herzegovina
EPI_ISL_462473,2020-03-29,Bosnia and Herzegovina
EPI_ISL_462472,2020-04-01,Bosnia and Herzegovina
EPI_ISL_464072,2020-04-06,Belgium
EPI_ISL_458192,2020-03-29,Belgium
EPI_ISL_462468,2020-03-27,Bosnia and Herzegovina
EPI_ISL_462466,2020-04-21,Bosnia and Herzegovina
EPI_ISL_462461,2020-04-11,Bosnia and Herzegovina
EPI_ISL_418422,2020-03-17,France
EPI_ISL_421752,2020-03-17,Luxembourg
EPI_ISL_420838,2020-03-22,Democratic Republic of the Congo
EPI_ISL_420035,2020-03-22,Democratic Republic of the Congo
EPI_ISL_421204,2020-03-31,Belgium
EPI_ISL_444969,2020-04-16,China
EPI_ISL_445071,2020-04-23,Luxembourg
EPI_ISL_435421,2020-03-25,Hungary
EPI_ISL_420854,2020-03-25,Democratic Republic of the Congo
EPI_ISL_451977,2020-04-03,Poland
EPI_ISL_420543,2020-03-03,India
EPI_ISL_420553,2020-03-03,India
EPI_ISL_420547,2020-03-03,India
EPI_ISL_462270,2020-05-06,Belgium
EPI_ISL_436099,2020-04-02,Taiwan
EPI_ISL_428229,2020-03-18,Taiwan
EPI_ISL_451987,2020-04-01,Poland
EPI_ISL_428929,2020-03-29,Poland
EPI_ISL_428927,2020-03-28,Poland
EPI_ISL_427002,2020-03-27,Australia
EPI_ISL_430669,2020-04-03,Australia
EPI_ISL_456455,2020-04-25,Australia
EPI_ISL_430598,2020-04-09,Australia
EPI_ISL_426910,2020-03-28,Australia
EPI_ISL_414015,2020-02-29,Brazil
EPI_ISL_430469,2020-02-29,Greece
EPI_ISL_416742,2020-02-29,Czech Republic
EPI_ISL_414477,2020-03-01,Czech Republic
EPI_ISL_427445,2020-04-12,USA
EPI_ISL_454290,2020-04-14,Portugal
EPI_ISL_426888,2020-03-31,Czech Republic
EPI_ISL_451976,2020-04-07,Poland
EPI_ISL_428925,2020-03-28,Poland
EPI_ISL_428926,2020-03-28,Poland
EPI_ISL_417186,2020-03-07,South Africa
EPI_ISL_416143,2020-02-28,Denmark
EPI_ISL_414016,2020-02-29,Brazil
EPI_ISL_451794,2020-03-25,Switzerland
EPI_ISL_424572,2020-03-26,Iceland
EPI_ISL_456789,2020-05-02,United Kingdom
EPI_ISL_460094,2020-02-25,Italy
EPI_ISL_428686,2020-03-22,Spain
EPI_ISL_464204,2020-02-26,United Kingdom
EPI_ISL_417639,2020-03-18,Iceland
EPI_ISL_452345,2020-03-07,China
EPI_ISL_445263,2020-03-11,Chile
EPI_ISL_445376,2020-04-04,Chile
EPI_ISL_445323,2020-03-16,Chile
EPI_ISL_445332,2020-03-11,Chile
EPI_ISL_444835,2020-03-09,Denmark
EPI_ISL_452002,2020-03-11,Denmark
EPI_ISL_452615,2020-04-01,Spain
EPI_ISL_457998,2020-03-28,Oman
EPI_ISL_418009,2020-03-15,Portugal
EPI_ISL_426365,2020-03-12,Mexico
EPI_ISL_434657,2020-04-01,Sweden
EPI_ISL_424345,2020-03-12,Mexico
EPI_ISL_454533,2020-03-23,India
EPI_ISL_421495,2020-03-23,Portugal
EPI_ISL_423438,2020-03-30,United Kingdom
EPI_ISL_447756,2020-03-31,Colombia
EPI_ISL_444975,2020-04-10,Spain
EPI_ISL_445252,2020-03-09,Chile
EPI_ISL_455468,2020-05-13,Romania
EPI_ISL_451643,2020-04-07,Australia
EPI_ISL_444973,2020-04-06,Spain
EPI_ISL_462997,2020-05-30,Spain
EPI_ISL_438055,2020-03-16,Austria
EPI_ISL_452480,2020-03-22,Spain
EPI_ISL_452578,2020-03-28,Spain
EPI_ISL_414019,2020-02-27,Switzerland
EPI_ISL_451303,2020-03-04,Italy
EPI_ISL_418410,2020-03-14,Finland
EPI_ISL_454332,2020-03-14,Portugal
EPI_ISL_466997,2020-05-05,Switzerland
EPI_ISL_467003,2020-05-06,Switzerland
EPI_ISL_456219,2020-03-21,New Zealand
EPI_ISL_464094,2020-04-11,Taiwan
EPI_ISL_455469,2020-05-12,Romania
EPI_ISL_455472,2020-05-13,Romania
EPI_ISL_466999,2020-05-05,Switzerland
EPI_ISL_458248,2020-05-17,USA
EPI_ISL_467004,2020-05-06,Switzerland
EPI_ISL_460084,2020-02-29,Italy
EPI_ISL_455438,2020-03-14,Mexico
EPI_ISL_430806,2020-04-01,Argentina
EPI_ISL_435418,2020-04-02,Hungary
EPI_ISL_430803,2020-04-01,Argentina
EPI_ISL_460092,2020-02-28,Italy
EPI_ISL_435420,2020-03-23,Hungary
EPI_ISL_416426,2020-03-17,Hungary
EPI_ISL_437973,2020-03-18,Austria
EPI_ISL_417623,2020-03-18,Iceland
EPI_ISL_424393,2020-03-19,Iceland
EPI_ISL_424576,2020-03-27,Iceland
EPI_ISL_445183,2020-03-23,Japan
EPI_ISL_459975,2020-03-21,Morocco
EPI_ISL_452670,2020-03-26,Spain
EPI_ISL_435422,2020-03-27,Hungary
EPI_ISL_444974,2020-04-06,Spain
EPI_ISL_451181,2020-04-14,Belgium
EPI_ISL_447523,2020-04-01,Spain
EPI_ISL_462998,2020-05-30,Spain
EPI_ISL_447746,2020-03-28,Colombia
EPI_ISL_452517,2020-03-15,Spain
EPI_ISL_416481,2020-03-16,Georgia
EPI_ISL_451653,2020-05-04,Poland
EPI_ISL_428908,2020-03-25,Russia
EPI_ISL_435425,2020-03-19,Hungary
EPI_ISL_445371,2020-03-28,Chile
EPI_ISL_444989,2020-03-28,Spain
EPI_ISL_463000,2020-05-30,Spain
EPI_ISL_462999,2020-05-30,Spain
EPI_ISL_435403,2020-03-20,Hungary
EPI_ISL_452681,2020-03-25,Spain
EPI_ISL_452610,2020-04-01,Spain
EPI_ISL_452612,2020-04-01,Spain
EPI_ISL_430799,2020-03-30,Argentina
EPI_ISL_427311,2020-03-29,Russia
EPI_ISL_462995,2020-05-30,Spain
EPI_ISL_462996,2020-05-30,Spain
EPI_ISL_430804,2020-04-01,Argentina
EPI_ISL_430801,2020-03-31,Argentina
EPI_ISL_448307,2020-04-12,United Kingdom
EPI_ISL_447759,2020-03-31,Colombia
EPI_ISL_430800,2020-03-30,Argentina
EPI_ISL_435424,2020-03-27,Hungary
EPI_ISL_435423,2020-03-27,Hungary
EPI_ISL_451400,2020-04-23,Morocco
EPI_ISL_445244,2020-04-25,Bangladesh
EPI_ISL_412964,2020-02-25,Brazil
EPI_ISL_460087,2020-02-26,Italy
EPI_ISL_422688,2020-03-20,Netherlands
EPI_ISL_435046,2020-03-25,Kazakhstan
EPI_ISL_417921,2020-03-01,Italy
EPI_ISL_413591,2020-03-02,Netherlands
EPI_ISL_422913,2020-03-18,Netherlands
EPI_ISL_461321,2020-04-17,Netherlands
EPI_ISL_455269,2020-04-13,Netherlands
EPI_ISL_451306,2020-02-21,Italy
EPI_ISL_412973,2020-02-20,Italy
EPI_ISL_450288,2020-04-23,Russia
EPI_ISL_435140,2020-03-12,United Arab Emirates
EPI_ISL_419562,2020-02-29,Luxembourg
EPI_ISL_424342,2020-03-07,Italy
EPI_ISL_418402,2020-03-14,Finland
EPI_ISL_413593,2020-02-29,Luxembourg
EPI_ISL_417423,2020-03-01,Italy
EPI_ISL_460085,2020-03-01,Italy
EPI_ISL_417421,2020-03-01,Italy
EPI_ISL_415154,2020-03-01,Belgium
EPI_ISL_418215,2020-03-12,Senegal
EPI_ISL_418213,2020-03-12,Senegal
EPI_ISL_418212,2020-03-11,Senegal
EPI_ISL_418211,2020-03-11,Senegal
EPI_ISL_418210,2020-03-10,Senegal
EPI_ISL_438009,2020-03-06,Austria
EPI_ISL_455861,2020-03-05,Sweden
EPI_ISL_454875,2020-03-04,Sweden
EPI_ISL_451707,2020-03-16,Switzerland
EPI_ISL_422665,2020-03-16,Netherlands
EPI_ISL_455444,2020-03-05,Poland
EPI_ISL_457985,2020-03-18,Oman
EPI_ISL_457972,2020-04-21,Uruguay
EPI_ISL_455306,2020-04-09,Netherlands
EPI_ISL_422952,2020-03-27,Netherlands
EPI_ISL_422629,2020-03-31,Netherlands
EPI_ISL_438056,2020-03-17,Austria
EPI_ISL_456330,2020-04-01,New Zealand
EPI_ISL_456331,2020-04-01,New Zealand
EPI_ISL_455134,2020-04-03,Netherlands
EPI_ISL_461177,2020-04-22,Netherlands
EPI_ISL_461254,2020-03-28,Netherlands
EPI_ISL_466885,2020-04-16,Germany
EPI_ISL_456834,2020-05-07,United Kingdom
EPI_ISL_456295,2020-04-01,New Zealand
EPI_ISL_417691,2020-03-11,Iceland
EPI_ISL_415642,2020-03-10,Georgia
EPI_ISL_462457,2020-03-20,Bosnia and Herzegovina
EPI_ISL_462456,2020-03-20,Bosnia and Herzegovina
EPI_ISL_438084,2020-03-22,Austria
EPI_ISL_462455,2020-03-20,Bosnia and Herzegovina
EPI_ISL_447038,2020-05-03,India
EPI_ISL_463039,2020-05-11,India
EPI_ISL_451198,2020-04-27,Uganda
EPI_ISL_451201,2020-04-30,Uganda
EPI_ISL_447547,2020-04-28,India
EPI_ISL_455471,2020-05-14,Romania
EPI_ISL_455476,2020-05-17,Romania
EPI_ISL_437207,2020-04-09,Germany
EPI_ISL_436726,2020-04-27,Italy
EPI_ISL_420074,2020-03-20,Senegal
EPI_ISL_462467,2020-03-26,Bosnia and Herzegovina
EPI_ISL_462460,2020-03-22,Bosnia and Herzegovina
EPI_ISL_462452,2020-03-19,Bosnia and Herzegovina
EPI_ISL_462454,2020-03-20,Bosnia and Herzegovina
EPI_ISL_462453,2020-03-20,Bosnia and Herzegovina
EPI_ISL_437281,2020-04-01,Germany
EPI_ISL_450530,2020-04-01,Poland
EPI_ISL_451889,2020-04-06,Switzerland
EPI_ISL_428854,2020-03-30,Italy
EPI_ISL_429742,2020-04-10,Luxembourg
EPI_ISL_428945,2020-04-03,Luxembourg
EPI_ISL_428949,2020-04-03,Luxembourg
EPI_ISL_459967,2020-03-15,Morocco
EPI_ISL_466902,2020-04-30,Germany
EPI_ISL_455631,2020-04-30,South Africa
EPI_ISL_430071,2020-04-08,Russia
EPI_ISL_451197,2020-04-27,Uganda
EPI_ISL_452104,2020-04-04,Germany
EPI_ISL_435049,2020-04-13,India
EPI_ISL_455679,2020-05-04,India
EPI_ISL_458109,2020-05-17,India
EPI_ISL_462469,2020-03-27,Bosnia and Herzegovina
EPI_ISL_462465,2020-03-25,Bosnia and Herzegovina
EPI_ISL_455068,2020-05-05,Australia
EPI_ISL_426895,2020-03-27,Czech Republic
EPI_ISL_426893,2020-03-27,Czech Republic
EPI_ISL_436727,2020-04-27,Italy
EPI_ISL_466903,2020-04-30,Germany
EPI_ISL_437089,2020-03-23,Latvia
EPI_ISL_458096,2020-05-24,India
EPI_ISL_445242,2020-04-22,Sweden
EPI_ISL_452242,2020-05-04,Sweden
EPI_ISL_450243,2020-04-16,Russia
EPI_ISL_455653,2020-04-21,India
EPI_ISL_466920,2020-05-25,Germany
EPI_ISL_466919,2020-05-25,Germany
EPI_ISL_466925,2020-05-26,Germany
EPI_ISL_466923,2020-05-25,Germany
EPI_ISL_466921,2020-05-25,Germany
EPI_ISL_466917,2020-05-23,Germany
EPI_ISL_466916,2020-05-22,Germany
EPI_ISL_466924,2020-05-26,Germany
EPI_ISL_466922,2020-05-25,Germany
EPI_ISL_462252,2020-04-06,Belgium
EPI_ISL_455636,2020-03-31,South Africa
EPI_ISL_455635,2020-05-05,South Africa
EPI_ISL_455633,2020-04-30,South Africa
EPI_ISL_421574,2020-04-01,South Africa
EPI_ISL_421575,2020-04-01,South Africa
EPI_ISL_429555,2020-03-25,Denmark
EPI_ISL_452094,2020-04-14,Denmark
EPI_ISL_452064,2020-04-27,Denmark
EPI_ISL_452087,2020-04-26,Denmark
EPI_ISL_452069,2020-04-27,Denmark
EPI_ISL_458181,2020-03-27,Belgium
EPI_ISL_420563,2020-03-18,Italy
EPI_ISL_419871,2020-03-18,Australia
EPI_ISL_466910,2020-05-17,Germany
EPI_ISL_455965,2020-05-09,Belgium
EPI_ISL_455966,2020-05-09,Belgium
EPI_ISL_416142,2020-02-26,Denmark
EPI_ISL_444277,2020-03-20,Taiwan
EPI_ISL_455639,2020-03-31,South Africa
EPI_ISL_418397,2020-03-13,Finland
EPI_ISL_466615,2020-02-16,United Kingdom
EPI_ISL_415459,2020-02-29,Switzerland
EPI_ISL_454754,2020-02-28,Netherlands
EPI_ISL_435145,2020-03-24,Italy
EPI_ISL_451871,2020-04-07,Switzerland
EPI_ISL_434626,2020-03-26,France
EPI_ISL_460080,2020-02-28,Italy
EPI_ISL_420416,2020-03-23,Belgium
EPI_ISL_455326,2020-02-29,Spain
EPI_ISL_464214,2020-02-29,United Kingdom
EPI_ISL_424731,2020-03-13,Mexico
EPI_ISL_445353,2020-04-02,Chile
EPI_ISL_453984,2020-04-05,Portugal
EPI_ISL_447620,2020-03-30,Taiwan
EPI_ISL_428864,2020-03-11,Russia
EPI_ISL_454565,2020-03-31,India
EPI_ISL_452222,2020-03-02,Germany
EPI_ISL_452220,2020-03-02,Germany
EPI_ISL_436725,2020-04-27,Italy
EPI_ISL_436731,2020-04-26,Italy
EPI_ISL_450831,2020-04-27,Sweden
EPI_ISL_434467,2020-03-12,Greece
EPI_ISL_415698,2020-02-27,Switzerland
EPI_ISL_415699,2020-02-27,Switzerland
EPI_ISL_414012,2020-02-27,United Kingdom
EPI_ISL_420153,2020-03-16,Norway
EPI_ISL_420310,2020-03-16,Norway
EPI_ISL_453977,2020-04-04,Portugal
EPI_ISL_429749,2020-03-24,Luxembourg
EPI_ISL_434496,2020-04-10,Luxembourg
EPI_ISL_429706,2020-04-09,Luxembourg
EPI_ISL_462753,2020-05-27,Bosnia and Herzegovina
EPI_ISL_451196,2020-03-25,Uganda
EPI_ISL_429120,2020-03-11,Sweden
EPI_ISL_458230,2020-03-16,Belgium
EPI_ISL_454873,2020-03-03,Sweden
EPI_ISL_451859,2020-04-07,Switzerland
EPI_ISL_461967,2020-06-02,United Kingdom
EPI_ISL_454783,2020-04-22,Netherlands
EPI_ISL_460766,2020-03-25,Netherlands
EPI_ISL_455962,2020-05-08,Belgium
EPI_ISL_455967,2020-05-09,Belgium
EPI_ISL_455958,2020-05-11,Belgium
EPI_ISL_451894,2020-04-07,Switzerland
EPI_ISL_451915,2020-04-07,Switzerland
EPI_ISL_438123,2020-04-05,Austria
EPI_ISL_438122,2020-04-02,Austria
EPI_ISL_435047,2020-03-25,Kazakhstan
EPI_ISL_421651,2020-03-22,Taiwan
EPI_ISL_421576,2020-04-01,South Africa
EPI_ISL_432333,2020-04-05,United Kingdom
EPI_ISL_467002,2020-05-06,Switzerland
EPI_ISL_440341,2020-03-18,United Kingdom
EPI_ISL_437093,2020-03-22,Latvia
EPI_ISL_437092,2020-03-20,Latvia
EPI_ISL_437091,2020-03-23,Latvia
EPI_ISL_450338,2020-04-11,Poland
EPI_ISL_450294,2020-04-11,Poland
EPI_ISL_450295,2020-04-11,Poland
EPI_ISL_438052,2020-03-16,Austria
EPI_ISL_438053,2020-03-16,Austria
EPI_ISL_419656,2020-02-26,Austria
EPI_ISL_437994,2020-02-28,Austria
EPI_ISL_437993,2020-02-27,Austria
EPI_ISL_437995,2020-02-28,Austria
EPI_ISL_438003,2020-03-04,Austria
EPI_ISL_438025,2020-03-10,Austria
EPI_ISL_413020,2020-02-27,Switzerland
EPI_ISL_435124,2020-03-16,United Arab Emirates
EPI_ISL_423653,2020-03-23,United Kingdom
EPI_ISL_459978,2020-04-20,Morocco
EPI_ISL_459983,2020-04-21,Morocco
EPI_ISL_459977,2020-04-21,Morocco
EPI_ISL_426890,2020-03-26,Czech Republic
EPI_ISL_426883,2020-03-27,Czech Republic
EPI_ISL_424661,2020-04-05,Belgium
EPI_ISL_461963,2020-06-01,United Kingdom
EPI_ISL_454146,2020-03-28,Portugal
EPI_ISL_428368,2020-04-16,Turkey
EPI_ISL_413021,2020-02-29,Switzerland
EPI_ISL_412912,2020-02-25,Germany
EPI_ISL_445276,2020-03-15,Chile
EPI_ISL_445378,2020-04-04,Chile
EPI_ISL_458120,2020-04-13,Oman
EPI_ISL_457981,2020-04-03,Oman
EPI_ISL_458122,2020-04-07,Oman
EPI_ISL_458121,2020-04-20,Oman
EPI_ISL_458117,2020-05-09,Oman
EPI_ISL_458116,2020-05-01,Oman
EPI_ISL_458118,2020-05-01,Oman
EPI_ISL_457992,2020-03-22,Oman
EPI_ISL_457705,2020-05-08,Oman
EPI_ISL_458119,2020-04-11,Oman
EPI_ISL_466875,2020-04-13,Germany
EPI_ISL_454229,2020-03-18,Portugal
EPI_ISL_415483,2020-03-09,Netherlands
EPI_ISL_424384,2020-03-19,Iceland
EPI_ISL_417757,2020-03-06,Iceland
EPI_ISL_454762,2020-03-16,Netherlands
EPI_ISL_426891,2020-03-26,Czech Republic
EPI_ISL_428865,2020-03-11,Russia
EPI_ISL_417817,2020-03-02,Iceland
EPI_ISL_414014,2020-03-02,Brazil
EPI_ISL_416479,2020-03-05,Georgia
EPI_ISL_455455,2020-03-14,Mexico
EPI_ISL_438117,2020-03-27,Austria
EPI_ISL_438126,2020-04-02,Austria
EPI_ISL_438128,2020-04-07,Austria
EPI_ISL_438127,2020-04-05,Austria
EPI_ISL_460844,2020-04-14,Netherlands
EPI_ISL_451705,2020-03-16,Switzerland
EPI_ISL_458084,2020-04-03,Italy
EPI_ISL_458085,2020-04-12,Italy
EPI_ISL_461207,2020-04-24,Netherlands
EPI_ISL_438060,2020-03-17,Austria
EPI_ISL_461292,2020-04-19,Netherlands
EPI_ISL_422576,2020-03-30,Netherlands
EPI_ISL_437308,2020-03-25,Turkey
EPI_ISL_415456,2020-02-29,Switzerland
EPI_ISL_450518,2020-04-18,Latvia
EPI_ISL_450524,2020-04-19,Latvia
EPI_ISL_424535,2020-03-21,Iceland
EPI_ISL_462271,2020-05-07,Belgium
EPI_ISL_435406,2020-03-22,Hungary
EPI_ISL_416744,2020-03-20,Hungary
EPI_ISL_414022,2020-02-27,Switzerland
EPI_ISL_414021,2020-02-27,Switzerland
EPI_ISL_413024,2020-02-29,Switzerland
EPI_ISL_415455,2020-02-28,Switzerland
EPI_ISL_454733,2020-03-01,Italy
EPI_ISL_418273,2020-02-28,Switzerland
EPI_ISL_455473,2020-05-14,Romania
EPI_ISL_458227,2020-03-30,Belgium
EPI_ISL_458217,2020-03-30,Belgium
EPI_ISL_451167,2020-04-01,Belgium
EPI_ISL_429222,2020-04-07,Switzerland
EPI_ISL_445220,2020-04-30,Romania
EPI_ISL_455477,2020-05-13,Romania
EPI_ISL_420399,2020-03-24,Belgium
EPI_ISL_451691,2020-03-13,Switzerland
EPI_ISL_455475,2020-05-14,Romania
EPI_ISL_455474,2020-05-14,Romania
EPI_ISL_455703,2020-03-27,Vietnam
EPI_ISL_455705,2020-03-31,Vietnam
EPI_ISL_455708,2020-04-10,Vietnam
EPI_ISL_455718,2020-04-10,Vietnam
EPI_ISL_429223,2020-04-07,Switzerland
EPI_ISL_455711,2020-04-08,Vietnam
EPI_ISL_435417,2020-03-30,Hungary
EPI_ISL_421946,2020-03-31,United Kingdom
EPI_ISL_460618,2020-04-15,Turkey
EPI_ISL_451884,2020-04-06,Switzerland
EPI_ISL_460617,2020-04-16,Turkey
EPI_ISL_460619,2020-04-16,Turkey
EPI_ISL_429679,2020-03-16,Brazil
EPI_ISL_454751,2020-02-28,Netherlands
EPI_ISL_415700,2020-02-28,Switzerland
EPI_ISL_454750,2020-02-27,Netherlands
EPI_ISL_466906,2020-05-04,Germany
EPI_ISL_426580,2020-03-13,Brazil
EPI_ISL_413574,2020-02-29,Netherlands
EPI_ISL_416743,2020-03-05,Czech Republic
EPI_ISL_458139,2020-03-18,Brazil
EPI_ISL_430793,2020-03-01,Argentina
EPI_ISL_456083,2020-04-03,Brazil
EPI_ISL_456090,2020-04-09,Brazil
EPI_ISL_427303,2020-03-25,Brazil
EPI_ISL_456103,2020-04-16,Brazil
EPI_ISL_456091,2020-04-09,Brazil
EPI_ISL_456086,2020-04-08,Brazil
EPI_ISL_456075,2020-04-02,Brazil
EPI_ISL_456076,2020-03-25,Brazil
EPI_ISL_427298,2020-03-22,Brazil
EPI_ISL_450873,2020-03-17,Brazil
EPI_ISL_456079,2020-04-03,Brazil
EPI_ISL_445352,2020-04-01,Chile
EPI_ISL_445370,2020-04-05,Chile
EPI_ISL_456081,2020-04-06,Brazil
EPI_ISL_456095,2020-04-13,Brazil
EPI_ISL_458138,2020-04-03,Brazil
EPI_ISL_445349,2020-04-01,Chile
EPI_ISL_456092,2020-04-10,Brazil
EPI_ISL_456101,2020-04-15,Brazil
EPI_ISL_456087,2020-04-08,Brazil
EPI_ISL_430815,2020-04-18,Argentina
EPI_ISL_430814,2020-04-17,Argentina
EPI_ISL_430817,2020-04-18,Argentina
EPI_ISL_445373,2020-04-03,Chile
EPI_ISL_456082,2020-04-02,Brazil
EPI_ISL_456096,2020-04-13,Brazil
EPI_ISL_456102,2020-04-16,Brazil
EPI_ISL_445369,2020-04-06,Chile
EPI_ISL_456077,2020-03-25,Brazil
EPI_ISL_427297,2020-03-23,Brazil
EPI_ISL_456100,2020-04-15,Brazil
EPI_ISL_457953,2020-03-23,Uruguay
EPI_ISL_437268,2020-03-28,Germany
EPI_ISL_428887,2020-03-22,Russia
EPI_ISL_428889,2020-03-22,Russia
EPI_ISL_451186,2020-03-27,Uganda
EPI_ISL_451189,2020-03-30,Uganda
EPI_ISL_461720,2020-05-05,United Kingdom
EPI_ISL_451190,2020-03-30,Uganda
EPI_ISL_451192,2020-03-30,Uganda
EPI_ISL_418389,2020-03-13,Finland
EPI_ISL_451647,2020-04-23,Poland
EPI_ISL_451654,2020-05-04,Poland
EPI_ISL_450746,2020-05-08,Poland
EPI_ISL_421275,2020-03-18,Russia
EPI_ISL_430809,2020-04-04,Argentina
EPI_ISL_430808,2020-04-03,Argentina
EPI_ISL_457963,2020-03-28,Uruguay
EPI_ISL_436686,2020-03-27,South Africa
EPI_ISL_428910,2020-03-31,Russia
EPI_ISL_437939,2020-04-06,Austria
EPI_ISL_430811,2020-04-11,Argentina
EPI_ISL_430812,2020-04-11,Argentina
EPI_ISL_455961,2020-05-08,Belgium
EPI_ISL_431012,2020-04-07,Democratic Republic of the Congo
EPI_ISL_445350,2020-04-01,Chile
EPI_ISL_445374,2020-04-04,Chile
EPI_ISL_445375,2020-04-04,Chile
EPI_ISL_451650,2020-04-27,Poland
EPI_ISL_451649,2020-04-27,Poland
EPI_ISL_456754,2020-05-21,United Kingdom
EPI_ISL_451644,2020-05-02,Poland
EPI_ISL_462273,2020-05-07,Belgium
EPI_ISL_462274,2020-05-07,Belgium
EPI_ISL_451645,2020-05-02,Poland
EPI_ISL_420393,2020-03-24,Belgium
EPI_ISL_462272,2020-05-07,Belgium
EPI_ISL_451648,2020-04-26,Poland
EPI_ISL_420849,2020-03-28,Democratic Republic of the Congo
EPI_ISL_451968,2020-03-18,Russia
EPI_ISL_445251,2020-03-10,Chile
EPI_ISL_435313,2020-03-13,Vietnam
EPI_ISL_413023,2020-02-29,Switzerland
EPI_ISL_430818,2020-04-19,Argentina
EPI_ISL_459980,2020-04-19,Morocco
EPI_ISL_458150,2020-05-15,Morocco
EPI_ISL_435409,2020-03-25,Hungary
EPI_ISL_457505,2020-05-06,United Kingdom
EPI_ISL_454524,2020-04-20,India
EPI_ISL_458056,2020-05-13,India
EPI_ISL_430001,2020-03-17,Jordan
EPI_ISL_464007,2020-04-12,Canada
EPI_ISL_460834,2020-04-23,Netherlands
EPI_ISL_460841,2020-05-22,Netherlands
EPI_ISL_460923,2020-05-26,Netherlands
EPI_ISL_438965,2020-04-14,Japan
EPI_ISL_435411,2020-03-27,Hungary
EPI_ISL_435132,2020-03-15,United Arab Emirates
EPI_ISL_466891,2020-04-22,Germany
EPI_ISL_466901,2020-04-30,Germany
EPI_ISL_438969,2020-04-22,Japan
EPI_ISL_438951,2020-04-06,Japan
EPI_ISL_438953,2020-04-06,Japan
EPI_ISL_438947,2020-04-06,Japan
EPI_ISL_438948,2020-04-06,Japan
EPI_ISL_438958,2020-04-10,Japan
EPI_ISL_438952,2020-04-06,Japan
EPI_ISL_438959,2020-04-10,Japan
EPI_ISL_438949,2020-04-06,Japan
EPI_ISL_438955,2020-04-08,Japan
EPI_ISL_437601,2020-04-06,Japan
EPI_ISL_438967,2020-04-16,Japan
EPI_ISL_447443,2020-03-30,Israel
EPI_ISL_438971,2020-04-24,Japan
EPI_ISL_435419,2020-03-20,Hungary
EPI_ISL_467012,2020-05-08,Switzerland
EPI_ISL_438956,2020-04-09,Japan
EPI_ISL_438970,2020-03-25,Japan
EPI_ISL_451885,2020-04-06,Switzerland
EPI_ISL_416036,2020-03-05,Brazil
EPI_ISL_458140,2020-04-07,Brazil
EPI_ISL_458147,2020-04-24,Brazil
EPI_ISL_458141,2020-04-26,Brazil
EPI_ISL_460081,2020-02-24,Italy
EPI_ISL_437932,2020-02-24,Austria
EPI_ISL_460089,2020-02-26,Italy
EPI_ISL_419689,2020-02-27,Spain
EPI_ISL_428895,2020-03-24,Russia
EPI_ISL_427308,2020-03-24,Russia
EPI_ISL_456238,2020-03-24,New Zealand
EPI_ISL_426772,2020-03-24,Australia
EPI_ISL_412972,2020-02-27,Mexico
EPI_ISL_417922,2020-02-28,Italy
EPI_ISL_451663,2020-05-05,Poland
EPI_ISL_462480,2020-05-13,Poland
EPI_ISL_437094,2020-03-23,Latvia
EPI_ISL_450522,2020-04-28,Latvia
EPI_ISL_450521,2020-04-28,Latvia
EPI_ISL_450520,2020-04-28,Latvia
EPI_ISL_427301,2020-03-11,Brazil
EPI_ISL_455701,2020-03-23,Vietnam
EPI_ISL_429235,2020-03-24,Italy
EPI_ISL_430797,2020-03-27,Argentina
EPI_ISL_430805,2020-04-01,Argentina
EPI_ISL_415129,2020-02-29,United Kingdom
EPI_ISL_413022,2020-02-29,Switzerland
EPI_ISL_451986,2020-04-07,Poland
EPI_ISL_455443,2020-04-01,Poland
EPI_ISL_451980,2020-04-02,Poland
EPI_ISL_451971,2020-04-01,Poland
EPI_ISL_451982,2020-03-29,Poland
EPI_ISL_451975,2020-03-31,Poland
EPI_ISL_429993,2020-03-16,Jordan
EPI_ISL_450248,2020-04-21,Russia
EPI_ISL_450250,2020-04-21,Russia
EPI_ISL_457702,2020-04-12,Oman
EPI_ISL_455707,2020-04-02,Vietnam
EPI_ISL_459962,2020-04-01,Germany
EPI_ISL_451541,2020-04-02,Australia
EPI_ISL_455106,2020-05-11,Sweden
EPI_ISL_436729,2020-04-27,Italy
EPI_ISL_434954,2020-03-29,USA
EPI_ISL_466693,2020-06-01,Bangladesh
EPI_ISL_426359,2020-03-17,Czech Republic
EPI_ISL_418257,2020-03-17,Italy
EPI_ISL_445317,2020-03-17,Chile
EPI_ISL_419304,2020-03-17,Japan
EPI_ISL_454064,2020-03-17,Portugal
EPI_ISL_429994,2020-03-17,Jordan
EPI_ISL_429999,2020-03-17,Jordan
EPI_ISL_422416,2020-03-18,Taiwan
EPI_ISL_430004,2020-03-17,Jordan
EPI_ISL_429169,2020-03-17,Thailand
EPI_ISL_462096,2020-05-23,Bangladesh
EPI_ISL_445214,2020-04-28,Bangladesh
EPI_ISL_447904,2020-05-11,Bangladesh
EPI_ISL_466687,2020-05-26,Bangladesh
EPI_ISL_466694,2020-06-01,Bangladesh
EPI_ISL_462095,2020-05-23,Bangladesh
EPI_ISL_464161,2020-06-01,Bangladesh
EPI_ISL_456619,2020-05-19,Australia
EPI_ISL_456617,2020-05-19,Australia
EPI_ISL_462094,2020-05-23,Bangladesh
EPI_ISL_466626,2020-05-07,Bangladesh
EPI_ISL_466628,2020-06-01,Bangladesh
EPI_ISL_464165,2020-05-10,Bangladesh
EPI_ISL_465164,2020-05-10,Bangladesh
EPI_ISL_466636,2020-05-10,Bangladesh
EPI_ISL_455459,2020-05-21,Bangladesh
EPI_ISL_464164,2020-05-26,Bangladesh
EPI_ISL_437912,2020-04-18,Bangladesh
EPI_ISL_466645,2020-06-01,Bangladesh
EPI_ISL_462091,2020-05-23,Bangladesh
EPI_ISL_466650,2020-06-01,Bangladesh
EPI_ISL_466649,2020-06-01,Bangladesh
EPI_ISL_466644,2020-06-01,Bangladesh
EPI_ISL_462092,2020-05-23,Bangladesh
EPI_ISL_466691,2020-06-01,Bangladesh
EPI_ISL_466689,2020-06-01,Bangladesh
EPI_ISL_466690,2020-06-01,Bangladesh
EPI_ISL_437902,2020-03-14,Greece
EPI_ISL_419311,2020-03-13,Japan
EPI_ISL_462464,2020-03-25,Bosnia and Herzegovina
EPI_ISL_435310,2020-03-09,Vietnam
EPI_ISL_461230,2020-04-23,Netherlands
EPI_ISL_429723,2020-03-22,Luxembourg
EPI_ISL_447804,2020-04-04,Colombia
EPI_ISL_435148,2020-04-08,Italy
EPI_ISL_435151,2020-04-08,Italy
EPI_ISL_435152,2020-04-09,Italy
EPI_ISL_435150,2020-04-08,Italy
EPI_ISL_442049,2020-04-06,United Kingdom
EPI_ISL_455697,2020-03-22,Vietnam
EPI_ISL_454472,2020-03-07,Sweden
EPI_ISL_466627,2020-06-01,Bangladesh
EPI_ISL_419875,2020-03-18,Australia
EPI_ISL_425229,2020-03-19,Czech Republic
EPI_ISL_426889,2020-04-02,Czech Republic
EPI_ISL_437096,2020-03-23,Latvia
EPI_ISL_437262,2020-03-22,Germany
EPI_ISL_424485,2020-03-20,Iceland
EPI_ISL_452043,2020-04-14,Denmark
EPI_ISL_426894,2020-03-27,Czech Republic
EPI_ISL_426896,2020-03-28,Czech Republic
EPI_ISL_426897,2020-03-29,Czech Republic
EPI_ISL_452139,2020-02-28,Mexico
EPI_ISL_454753,2020-02-28,Netherlands
EPI_ISL_462390,2020-03-21,Singapore
EPI_ISL_421477,2020-03-21,Portugal
EPI_ISL_435143,2020-03-18,United Arab Emirates
EPI_ISL_459966,2020-03-15,Morocco
EPI_ISL_448068,2020-05-05,United Kingdom
EPI_ISL_437898,2020-03-28,Greece
EPI_ISL_426287,2020-03-30,Latvia
EPI_ISL_426286,2020-03-30,Latvia
EPI_ISL_454130,2020-03-21,Portugal
EPI_ISL_459965,2020-03-03,Morocco
EPI_ISL_416430,2020-03-06,Vietnam
EPI_ISL_416431,2020-03-06,Vietnam
EPI_ISL_447748,2020-03-29,Colombia
EPI_ISL_454342,2020-03-18,Portugal
EPI_ISL_424974,2020-03-18,Taiwan
EPI_ISL_435312,2020-03-10,Vietnam
EPI_ISL_447646,2020-03-10,Greece
EPI_ISL_447647,2020-03-10,Greece
EPI_ISL_460604,2020-03-29,Russia
EPI_ISL_453854,2020-03-27,Portugal
EPI_ISL_466688,2020-06-01,Bangladesh
EPI_ISL_419303,2020-03-12,Japan
EPI_ISL_419309,2020-03-12,Japan
EPI_ISL_438966,2020-04-16,Japan
EPI_ISL_437952,2020-03-24,Austria
EPI_ISL_455109,2020-05-13,Sweden
EPI_ISL_430007,2020-03-19,Jordan
EPI_ISL_452189,2020-04-01,Italy
EPI_ISL_455963,2020-05-08,Belgium
EPI_ISL_450265,2020-04-21,Russia
EPI_ISL_427333,2020-04-07,Russia
EPI_ISL_427815,2020-04-07,Russia
EPI_ISL_430079,2020-04-10,Russia
EPI_ISL_450286,2020-04-22,Russia
EPI_ISL_427325,2020-04-07,Russia
EPI_ISL_430076,2020-04-10,Russia
EPI_ISL_455470,2020-05-14,Romania
EPI_ISL_453860,2020-03-27,Portugal
EPI_ISL_435155,2020-04-09,Italy
EPI_ISL_455110,2020-05-14,Sweden
EPI_ISL_427111,2020-04-04,Australia
EPI_ISL_447796,2020-04-04,Colombia
EPI_ISL_448458,2020-04-05,United Kingdom
EPI_ISL_454182,2020-04-19,Portugal
EPI_ISL_454190,2020-04-18,Portugal
EPI_ISL_454193,2020-04-18,Portugal
EPI_ISL_454304,2020-04-24,Portugal
EPI_ISL_420912,2020-03-21,Germany
EPI_ISL_434465,2020-03-23,Greece
EPI_ISL_455702,2020-03-27,Vietnam
EPI_ISL_426892,2020-03-27,Czech Republic
EPI_ISL_437311,2020-03-27,Turkey
EPI_ISL_428914,2020-03-30,Russia
EPI_ISL_437090,2020-03-24,Latvia
EPI_ISL_457703,2020-03-25,Oman
EPI_ISL_427338,2020-03-25,Russia
EPI_ISL_429232,2020-03-24,Italy
EPI_ISL_437305,2020-03-27,Turkey
EPI_ISL_437333,2020-03-25,Turkey
EPI_ISL_419308,2020-03-19,Japan
EPI_ISL_419306,2020-03-20,Japan
EPI_ISL_422432,2020-03-31,Singapore
EPI_ISL_445377,2020-04-05,Chile
EPI_ISL_430535,2020-04-03,Australia
EPI_ISL_417260,2020-03-05,United Kingdom
EPI_ISL_435303,2020-03-07,Vietnam
EPI_ISL_420600,2020-03-07,Argentina
EPI_ISL_419310,2020-03-13,Japan
EPI_ISL_447638,2020-03-13,Greece
EPI_ISL_436413,2020-03-30,India
EPI_ISL_455710,2020-04-09,Vietnam
EPI_ISL_455712,2020-04-10,Vietnam
EPI_ISL_429233,2020-03-24,Italy
EPI_ISL_437239,2020-04-02,Germany
EPI_ISL_466909,2020-05-11,Germany
EPI_ISL_455632,2020-04-30,South Africa
EPI_ISL_450291,2020-04-23,Russia
EPI_ISL_430602,2020-04-09,Australia
EPI_ISL_435154,2020-04-09,Italy
EPI_ISL_450273,2020-04-22,Russia
EPI_ISL_435125,2020-03-16,United Arab Emirates
EPI_ISL_450404,2020-03-16,Hong Kong
EPI_ISL_454041,2020-03-16,Portugal
EPI_ISL_430003,2020-03-16,Jordan
EPI_ISL_467009,2020-05-07,Switzerland
EPI_ISL_464162,2020-06-01,Bangladesh
EPI_ISL_455111,2020-05-14,Sweden
EPI_ISL_458784,2020-04-19,United Kingdom
EPI_ISL_421448,2020-03-18,Portugal
EPI_ISL_433833,2020-04-08,United Kingdom
EPI_ISL_445238,2020-04-20,Sweden
EPI_ISL_445234,2020-04-20,Sweden
EPI_ISL_435427,2020-03-25,Hungary
EPI_ISL_422437,2020-03-25,Italy
EPI_ISL_464160,2020-06-01,Bangladesh
EPI_ISL_430074,2020-04-08,Russia
EPI_ISL_450262,2020-04-21,Russia
EPI_ISL_450289,2020-04-23,Russia
EPI_ISL_436684,2020-03-31,South Africa
EPI_ISL_435149,2020-04-08,Italy
EPI_ISL_450283,2020-04-22,Russia
EPI_ISL_450280,2020-04-22,Russia
EPI_ISL_459973,2020-03-20,Morocco
EPI_ISL_427784,2020-03-20,Australia
EPI_ISL_419301,2020-03-11,Japan
EPI_ISL_419302,2020-03-12,Japan
EPI_ISL_447649,2020-03-11,Greece
EPI_ISL_447651,2020-03-09,Greece
EPI_ISL_430807,2020-04-02,Argentina
EPI_ISL_426356,2020-03-21,Czech Republic
EPI_ISL_451652,2020-04-30,Poland
EPI_ISL_450828,2020-04-28,Sweden
EPI_ISL_455699,2020-03-21,Vietnam
EPI_ISL_430802,2020-03-31,Argentina
EPI_ISL_455979,2020-05-11,Belgium
EPI_ISL_450833,2020-05-07,Sweden
EPI_ISL_431117,2020-03-20,India
EPI_ISL_436720,2020-03-20,Italy
EPI_ISL_443223,2020-03-20,Singapore
EPI_ISL_453958,2020-03-31,Portugal
EPI_ISL_451657,2020-05-05,Poland
EPI_ISL_451661,2020-05-05,Poland
EPI_ISL_450257,2020-04-20,Russia
EPI_ISL_447461,2020-04-17,Israel
EPI_ISL_430012,2020-03-30,Jordan
EPI_ISL_430009,2020-03-30,Jordan
EPI_ISL_434572,2020-04-14,Czech Republic
EPI_ISL_456402,2020-04-25,New Zealand
EPI_ISL_466877,2020-04-13,Germany
EPI_ISL_454218,2020-04-29,Portugal
EPI_ISL_457979,2020-03-18,Oman
EPI_ISL_455442,2020-03-18,Poland
EPI_ISL_426360,2020-03-18,Czech Republic
EPI_ISL_426357,2020-03-18,Czech Republic
EPI_ISL_419305,2020-03-18,Japan
EPI_ISL_435070,2020-03-18,India
EPI_ISL_425125,2020-03-18,Germany
EPI_ISL_458034,2020-04-29,India
EPI_ISL_463649,2020-05-04,USA
EPI_ISL_463648,2020-05-04,USA
EPI_ISL_463127,2020-05-08,USA
EPI_ISL_447802,2020-04-04,Colombia
EPI_ISL_459984,2020-04-06,Morocco
EPI_ISL_454221,2020-05-01,Portugal
EPI_ISL_451658,2020-05-05,Poland
EPI_ISL_450829,2020-04-28,Sweden
EPI_ISL_451660,2020-05-05,Poland
EPI_ISL_451659,2020-05-05,Poland
EPI_ISL_451655,2020-05-05,Poland
EPI_ISL_451656,2020-05-05,Poland
EPI_ISL_451664,2020-05-05,Poland
EPI_ISL_451662,2020-05-05,Poland
EPI_ISL_437497,2020-04-01,Saudi Arabia
EPI_ISL_447519,2020-04-01,Spain
EPI_ISL_437755,2020-04-01,Saudi Arabia
EPI_ISL_455709,2020-04-09,Vietnam
EPI_ISL_420144,2020-04-01,Georgia
