edges/dates,2017-12,2019-9,2019-11,2019-12,2020-1,2020-2,2020-3,2020-4
SaudiArabia->Georgia,41,0,0,0,0,0,0,0
SaudiArabia->Australia,21,9,0,0,101,0,0,0
SaudiArabia->SouthKorea,2,5,1,0,0,0,0,0
SaudiArabia->China,4,8,1,15,100,13,0,0
SouthKorea->Thailand,0,0,36,0,4,0,0,0
Thailand->HongKong,0,0,84,0,2,0,0,0
Thailand->Australia,0,6,140,4,7,0,0,0
Thailand->SouthKorea,0,0,119,0,0,0,0,0
Thailand->Singapore,0,0,131,24,28,0,0,0
Thailand->Taiwan,0,0,186,0,0,0,0,0
Taiwan->Oman,0,0,15,14,0,0,0,0
Taiwan->Singapore,0,0,38,17,0,0,33,0
Oman->China,0,0,39,0,0,0,0,0
China->Singapore,0,0,289,339,132,0,0,0
Singapore->France,0,0,76,0,12,34,0,0
France->Georgia,0,0,4,0,26,1,0,0
France->USA,0,0,34,0,10,208,0,0
Georgia->Sweden,0,0,7,0,0,0,0,0
Georgia->Taiwan,0,0,13,0,0,1,0,0
Georgia->Italy,0,0,30,0,0,19,0,0
Georgia->HongKong,0,0,24,0,0,0,0,0
Italy->Georgia,0,0,118,0,0,36,2,0
Georgia->Norway,0,0,100,0,0,0,0,0
Norway->Taiwan,0,0,50,0,0,13,0,0
Taiwan->Italy,0,0,47,2,0,0,0,0
Taiwan->USA,0,0,16,33,7,112,0,0
Taiwan->Poland,0,0,38,0,0,0,0,0
USA->China,0,0,224,0,0,0,0,0
USA->India,0,0,38,0,35,0,0,0
USA->HongKong,0,0,204,0,100,0,0,0
USA->Japan,0,0,268,0,1,0,0,0
Japan->Belgium,0,0,27,0,0,6,34,0
Japan->HongKong,0,0,200,0,0,0,0,0
Japan->France,0,0,100,0,0,0,0,0
Japan->Sweden,0,0,100,0,0,0,0,0
Japan->UnitedKingdom,0,0,74,0,0,43,0,0
UnitedKingdom->Singapore,0,0,71,0,40,0,0,0
Singapore->Australia,0,0,96,92,6,0,0,0
Singapore->Thailand,0,0,66,61,63,0,100,0
Singapore->China,0,0,73,196,0,0,0,0
Thailand->Austria,0,0,15,17,0,21,0,0
Thailand->SaudiArabia,0,0,17,19,7,0,0,0
Austria->Uganda,0,0,0,110,0,0,0,0
Austria->NewZealand,0,0,0,100,0,0,0,0
Austria->DemocraticRepublicoftheCongo,0,0,0,57,0,0,0,0
DemocraticRepublicoftheCongo->SaudiArabia,0,0,0,32,28,0,0,0
DemocraticRepublicoftheCongo->India,0,0,0,113,110,16,0,0
DemocraticRepublicoftheCongo->Luxembourg,0,0,0,77,190,0,142,0
DemocraticRepublicoftheCongo->Spain,0,0,0,67,0,113,43,0
DemocraticRepublicoftheCongo->Switzerland,0,0,0,66,4,0,86,0
Switzerland->Germany,0,0,0,184,11,34,32,0
Switzerland->Poland,0,0,0,89,0,45,32,0
Switzerland->Senegal,0,0,0,174,0,0,0,0
Poland->BosniaandHerzegovina,0,0,0,49,0,0,0,0
BosniaandHerzegovina->Sweden,0,0,0,4,0,4,0,0
BosniaandHerzegovina->Iceland,0,0,0,15,0,0,0,0
Iceland->Luxembourg,0,0,0,23,8,0,5,0
Iceland->India,0,0,0,20,0,0,0,0
Iceland->SouthAfrica,0,0,0,38,0,0,0,0
India->China,0,0,17,14,0,27,0,0
India->Uganda,0,0,0,35,35,0,0,0
China->Russia,0,0,0,40,0,0,0,0
Russia->Oman,0,0,0,101,0,9,0,0
Russia->Sweden,0,0,0,198,0,18,0,0
Sweden->Denmark,0,0,0,100,22,43,100,0
Sweden->Romania,0,0,0,100,0,0,0,0
Sweden->Italy,0,0,7,200,0,27,0,0
Sweden->Switzerland,0,0,0,41,0,0,98,0
Sweden->SouthAfrica,0,0,0,184,0,0,0,0
Germany->BosniaandHerzegovina,0,0,0,40,0,0,0,0
BosniaandHerzegovina->Luxembourg,0,0,0,131,0,0,0,0
BosniaandHerzegovina->Germany,0,0,0,233,0,0,0,0
BosniaandHerzegovina->India,0,0,0,101,33,20,0,0
BosniaandHerzegovina->Belgium,0,0,0,18,0,22,0,0
BosniaandHerzegovina->SouthAfrica,0,0,0,84,0,0,0,0
Belgium->Austria,0,0,0,17,0,100,2,0
Belgium->Switzerland,0,0,0,42,0,0,0,0
Switzerland->Italy,0,0,0,258,0,123,0,0
Italy->Spain,0,0,0,134,5,264,0,0
Italy->France,0,0,0,99,0,71,9,0
Italy->DemocraticRepublicoftheCongo,0,0,0,74,3,1,3,0
DemocraticRepublicoftheCongo->BosniaandHerzegovina,0,0,0,31,0,0,0,0
DemocraticRepublicoftheCongo->CzechRepublic,0,0,0,80,0,0,0,0
DemocraticRepublicoftheCongo->Kazakhstan,0,0,0,80,0,0,0,0
DemocraticRepublicoftheCongo->Oman,0,0,0,80,0,0,0,0
DemocraticRepublicoftheCongo->Brazil,0,0,0,96,7,0,0,0
DemocraticRepublicoftheCongo->Uganda,0,0,0,64,0,0,0,0
Uganda->Switzerland,0,0,0,19,0,0,0,0
Switzerland->Austria,0,0,0,34,0,84,31,0
Italy->Chile,0,0,0,25,0,26,0,0
Chile->Spain,0,0,0,22,0,0,1,0
Chile->Norway,0,0,0,38,0,0,0,0
Norway->Russia,0,0,0,117,0,0,0,0
Norway->Senegal,0,0,0,37,0,0,0,0
Russia->Germany,0,0,0,34,0,0,100,0
Sweden->Oman,0,0,0,149,0,66,0,0
Sweden->Spain,0,0,0,24,0,20,13,0
Spain->Latvia,0,0,0,9,0,36,0,0
Latvia->France,0,0,0,37,0,29,0,0
France->Chile,0,0,0,40,6,34,0,0
France->Italy,0,0,4,100,0,27,0,0
France->Iceland,0,0,0,100,18,0,0,0
France->Argentina,0,0,0,100,0,0,0,0
France->BosniaandHerzegovina,0,0,0,44,0,47,0,0
BosniaandHerzegovina->Uganda,0,0,0,15,33,0,0,0
BosniaandHerzegovina->Norway,0,0,0,42,0,5,0,0
Norway->Germany,0,0,0,121,0,0,0,0
Norway->Japan,0,0,0,100,0,0,0,0
Norway->India,0,0,4,100,7,0,0,0
Norway->DemocraticRepublicoftheCongo,0,0,0,100,4,0,0,0
Norway->Luxembourg,0,0,0,100,0,0,0,0
Norway->Poland,0,0,21,100,0,0,0,0
Russia->BosniaandHerzegovina,0,0,0,70,0,100,0,0
Russia->Iceland,0,0,0,9,0,62,0,0
Russia->Switzerland,0,0,0,95,0,28,1,0
Iceland->Argentina,0,0,0,8,0,0,7,0
Iceland->Italy,0,0,0,36,0,0,0,0
Iceland->Germany,0,0,0,16,19,0,0,0
Iceland->CzechRepublic,0,0,0,22,0,0,0,0
Germany->Belgium,0,0,0,290,0,0,0,0
Belgium->Israel,0,0,0,100,0,0,68,0
Belgium->UnitedKingdom,0,0,0,174,0,47,26,0
Belgium->India,0,0,0,42,0,0,100,0
India->Italy,0,0,1,29,0,30,0,0
Italy->Finland,0,0,0,46,0,3,0,0
Italy->Switzerland,0,0,0,128,0,85,9,0
Switzerland->Sweden,0,0,0,21,0,0,2,0
Switzerland->Luxembourg,0,0,0,36,20,100,4,0
Sweden->Poland,0,0,0,233,0,26,0,0
Poland->Austria,0,0,0,94,0,0,0,0
Poland->France,0,0,0,94,0,0,100,0
Poland->Switzerland,0,0,0,43,0,127,9,0
Switzerland->UnitedKingdom,0,0,0,99,0,210,92,0
Switzerland->Russia,0,0,0,82,0,108,0,0
Switzerland->Bangladesh,0,0,0,8,0,100,0,0
Switzerland->Australia,0,0,0,10,0,0,0,0
Bangladesh->Taiwan,0,0,0,31,0,100,0,0
Bangladesh->Russia,0,0,0,198,0,258,0,0
Bangladesh->UnitedArabEmirates,0,0,0,236,0,0,0,0
Bangladesh->Germany,0,0,0,155,0,0,32,0
Bangladesh->Sweden,0,0,0,300,0,42,38,0
Sweden->Latvia,0,0,0,245,0,0,100,0
Sweden->SaudiArabia,0,0,0,121,0,0,0,0
SaudiArabia->Russia,0,0,0,9,0,0,100,0
Russia->Taiwan,0,0,0,45,0,7,0,0
Russia->Poland,0,0,0,91,0,4,0,0
Sweden->Bangladesh,0,0,0,213,0,0,0,0
Bangladesh->Latvia,0,0,0,250,0,0,32,0
Bangladesh->CzechRepublic,0,0,0,17,0,139,30,0
Bangladesh->Turkey,0,0,0,56,4,9,5,0
Turkey->Portugal,0,0,0,0,0,0,37,0
Bangladesh->France,0,0,0,100,0,0,0,0
Bangladesh->Switzerland,0,0,0,68,0,0,0,0
Bangladesh->UnitedKingdom,0,0,0,100,0,130,0,0
Sweden->Brazil,0,0,0,100,0,0,0,0
Latvia->SaudiArabia,0,0,0,43,0,0,0,0
Latvia->Sweden,0,0,0,66,0,0,0,0
Sweden->Russia,0,0,0,128,0,98,0,0
Sweden->Mexico,0,0,0,52,0,0,7,0
Sweden->Germany,0,0,0,57,0,0,0,0
Bangladesh->Jordan,0,0,0,0,0,154,0,0
Bangladesh->Australia,0,0,0,11,0,74,0,0
Bangladesh->Portugal,0,0,0,6,0,90,5,0
Bangladesh->Japan,0,0,0,0,0,74,0,0
Bangladesh->Chile,0,0,0,0,0,74,0,0
Bangladesh->Poland,0,0,0,81,0,74,0,0
Bangladesh->Morocco,0,0,0,0,0,74,0,0
UnitedKingdom->Jordan,0,0,0,0,95,20,0,0
Jordan->Hungary,0,0,0,0,0,105,0,0
Jordan->Poland,0,0,0,0,0,176,0,0
Jordan->Belgium,0,0,0,0,0,124,0,0
Jordan->UnitedKingdom,0,0,0,0,31,149,0,0
Jordan->NewZealand,0,0,0,0,0,100,0,0
Jordan->Japan,0,0,0,0,0,126,0,0
Jordan->Portugal,0,0,0,0,0,110,0,0
Belgium->CzechRepublic,0,0,0,0,0,44,38,0
Belgium->SouthAfrica,0,0,0,7,0,100,0,0
Belgium->Colombia,0,0,0,0,0,101,0,0
Belgium->Hungary,0,0,0,0,0,289,202,0
Belgium->Morocco,0,0,0,0,0,61,41,0
Morocco->Oman,0,0,0,0,0,0,27,0
Oman->UnitedKingdom,0,0,0,6,0,0,41,0
Bangladesh->Romania,0,0,0,100,0,0,0,0
Bangladesh->Netherlands,0,0,0,100,0,65,100,0
Bangladesh->SouthAfrica,0,0,0,1,0,100,0,0
Bangladesh->Italy,0,0,0,0,0,100,0,0
Bangladesh->Vietnam,0,0,0,0,0,100,0,0
Netherlands->Russia,0,0,0,0,0,59,0,0
Netherlands->Belgium,0,0,0,10,0,91,100,0
Russia->USA,0,0,0,11,0,106,0,0
Russia->CzechRepublic,0,0,0,67,0,100,0,0
Russia->UnitedKingdom,0,0,0,20,0,100,17,0
Russia->Austria,0,0,0,32,0,154,1,0
Russia->Bangladesh,0,0,0,9,0,100,0,0
Russia->Vietnam,0,0,0,62,0,103,0,0
Russia->Portugal,0,0,0,0,0,100,0,0
Russia->Thailand,0,0,0,0,0,41,0,0
Thailand->Japan,0,0,0,0,0,11,0,0
Thailand->Brazil,0,0,0,0,0,19,0,0
Brazil->Austria,0,0,0,0,20,33,0,0
Brazil->Italy,0,0,0,0,0,44,0,0
Brazil->Vietnam,0,0,0,0,0,15,0,0
Brazil->Morocco,0,0,0,0,0,31,0,0
Vietnam->Mexico,0,0,0,0,0,100,0,0
Vietnam->CzechRepublic,0,0,0,5,0,200,0,0
Vietnam->Japan,0,0,0,0,0,100,0,0
Vietnam->India,0,0,0,0,0,100,0,0
Vietnam->Iceland,0,0,0,0,0,100,0,0
Vietnam->Finland,0,0,0,0,0,75,0,0
Vietnam->Chile,0,0,0,0,0,49,0,0
Vietnam->Italy,0,0,0,18,0,34,0,0
Vietnam->Portugal,0,0,0,0,0,23,0,0
Italy->Argentina,0,0,0,1,1,42,73,0
Italy->Colombia,0,0,0,0,0,100,0,0
Spain->Switzerland,0,0,0,35,0,28,0,0
Spain->Georgia,0,0,0,0,0,106,2,0
Georgia->UnitedKingdom,0,0,0,0,0,31,0,0
Georgia->Vietnam,0,0,0,0,0,0,48,0
Italy->Norway,0,0,0,6,0,105,0,0
CzechRepublic->Denmark,0,0,0,0,0,0,35,0
Netherlands->Brazil,0,0,0,0,0,300,0,0
Netherlands->Germany,0,0,0,142,0,111,1,0
Netherlands->Switzerland,0,0,0,5,0,100,0,0
Netherlands->CzechRepublic,0,0,0,4,0,100,100,0
Brazil->Chile,0,0,0,0,0,161,100,0
Brazil->Uruguay,0,0,0,0,0,0,100,0
Brazil->Argentina,0,0,0,0,0,44,100,0
Switzerland->Turkey,0,0,0,267,0,100,0,0
Turkey->Switzerland,0,0,0,113,0,0,0,0
Switzerland->India,0,0,0,100,0,0,0,0
Switzerland->Netherlands,0,0,0,86,0,4,9,0
Netherlands->Singapore,0,0,0,33,0,0,0,0
Singapore->Russia,0,0,0,90,0,0,0,0
Russia->Italy,0,0,0,58,0,39,0,0
Russia->Australia,0,0,0,43,0,0,0,0
Australia->UnitedKingdom,0,0,0,6,0,0,0,0
UnitedKingdom->Switzerland,0,0,0,139,0,110,28,0
UnitedKingdom->Vietnam,0,0,0,24,0,21,14,0
UnitedKingdom->Argentina,0,0,0,29,0,0,0,0
Argentina->India,0,0,0,200,0,0,0,0
Argentina->Denmark,0,0,0,47,0,0,0,0
Argentina->Italy,0,0,0,76,0,37,0,0
Denmark->Russia,0,0,0,29,0,0,0,0
Denmark->Switzerland,0,0,0,36,0,0,0,0
Russia->Japan,0,0,0,84,0,85,0,0
Austria->Switzerland,0,0,0,46,0,69,35,0
Switzerland->Japan,0,0,0,16,0,100,0,0
Japan->Vietnam,0,0,0,0,0,102,0,0
Japan->USA,0,0,0,0,0,100,0,0
Japan->Germany,0,0,0,0,0,107,0,0
Germany->Vietnam,0,0,0,9,142,100,0,0
Vietnam->Israel,0,0,0,0,9,62,0,0
Vietnam->Poland,0,0,0,0,0,66,0,0
Poland->Greece,0,0,0,0,0,175,0,0
Poland->Australia,0,0,0,0,0,125,32,0
Poland->India,0,0,19,2,0,100,0,0
Poland->Germany,0,0,0,0,0,80,34,0
Germany->CzechRepublic,0,0,0,34,0,32,9,0
CzechRepublic->Portugal,0,0,0,0,0,42,10,0
CzechRepublic->Japan,0,0,0,0,0,35,0,0
Portugal->UnitedKingdom,0,0,0,7,0,42,37,0
Portugal->HongKong,0,0,0,0,0,74,0,0
Portugal->Australia,0,0,0,0,0,158,14,0
Portugal->Greece,0,0,0,0,0,16,0,0
Portugal->Poland,0,0,0,0,0,43,31,0
Greece->UnitedKingdom,0,0,0,0,325,72,0,0
UnitedKingdom->Mexico,0,0,0,0,0,62,32,0
Mexico->Japan,0,0,0,0,0,27,0,0
Japan->Brazil,0,0,0,0,1,46,0,0
Brazil->Portugal,0,0,0,0,0,34,0,0
Portugal->Brazil,0,0,0,0,0,115,0,0
Austria->Iceland,0,0,0,0,0,18,0,0
Austria->Mexico,0,0,0,0,0,132,0,0
Austria->Germany,0,0,2,18,0,80,8,0
Austria->Netherlands,0,0,0,0,0,37,69,0
Austria->Georgia,0,0,0,0,0,35,0,0
Netherlands->Italy,0,0,0,5,0,145,0,0
Portugal->Canada,0,0,0,0,0,17,18,0
Canada->Russia,0,0,0,0,0,12,0,0
Canada->Netherlands,0,0,0,0,0,22,32,0
Portugal->Switzerland,0,0,0,11,0,132,87,0
Portugal->Oman,0,0,0,0,0,0,94,0
Oman->Poland,0,0,0,0,0,32,100,0
Oman->Chile,0,0,0,0,0,0,100,100
Australia->Chile,0,0,0,0,0,0,30,0
Argentina->Portugal,0,0,0,29,0,76,0,0
Argentina->Luxembourg,0,0,0,38,0,33,29,0
Singapore->BosniaandHerzegovina,0,0,0,30,13,0,0,0
BosniaandHerzegovina->Jordan,0,0,0,14,0,0,0,0
Singapore->Chile,0,0,0,0,0,63,0,0
Chile->UnitedKingdom,0,0,0,0,0,43,0,0
Germany->Latvia,0,0,0,49,21,0,34,0
Russia->Netherlands,0,0,0,7,0,100,13,0
Netherlands->Iceland,0,0,0,11,0,36,0,0
Netherlands->Austria,0,0,0,0,0,200,24,0
Oman->Switzerland,0,0,0,0,0,100,0,0
Oman->India,0,0,0,0,9,100,0,0
Oman->Germany,0,0,0,0,0,100,0,0
Poland->UnitedKingdom,0,0,0,65,0,136,113,0
UnitedKingdom->Kazakhstan,0,0,0,0,0,0,7,0
UnitedKingdom->Taiwan,0,0,0,46,0,7,17,0
UnitedKingdom->SouthAfrica,0,0,0,0,0,0,29,0
Bangladesh->Greece,0,0,0,26,0,0,38,0
Bangladesh->USA,0,0,0,0,2,0,100,0
Switzerland->Morocco,0,0,0,0,0,110,0,0
UnitedKingdom->UnitedArabEmirates,0,0,0,0,0,88,0,0
UnitedKingdom->Uganda,0,0,0,0,0,0,94,0
Luxembourg->Colombia,0,0,0,0,26,0,28,0
Italy->Japan,0,0,0,0,0,90,72,0
Italy->CzechRepublic,0,0,0,52,0,125,4,0
Italy->Australia,0,0,0,0,15,63,4,0
Italy->Poland,0,0,15,22,0,128,18,0
Italy->Belgium,0,0,0,0,2,28,40,0
Italy->Jordan,0,0,0,0,0,0,100,0
Russia->Argentina,0,0,0,11,40,32,65,0
Argentina->Chile,0,0,0,0,0,66,0,0
Argentina->Poland,0,0,0,0,0,100,0,0
Poland->Belgium,0,0,0,0,0,232,29,0
Belgium->DemocraticRepublicoftheCongo,0,0,0,0,0,77,102,0
DemocraticRepublicoftheCongo->Finland,0,0,0,12,32,38,0,0
DemocraticRepublicoftheCongo->Chile,0,0,0,6,0,46,0,0
Chile->DemocraticRepublicoftheCongo,0,0,0,3,0,102,1,0
Russia->SouthAfrica,0,0,0,3,0,0,69,0
Argentina->Uruguay,0,0,0,0,0,0,100,0
UnitedKingdom->Portugal,0,0,0,9,0,155,36,0
Portugal->Netherlands,0,0,0,0,0,120,18,0
Portugal->Morocco,0,0,0,0,0,113,0,0
Portugal->NewZealand,0,0,0,0,0,131,0,0
Portugal->Italy,0,0,0,0,0,134,0,0
Portugal->Spain,0,0,0,0,0,100,0,0
Portugal->Japan,0,0,0,0,0,163,0,0
Portugal->Jordan,0,0,0,0,0,20,0,0
Jordan->Colombia,0,0,0,0,0,20,0,0
Jordan->Germany,0,0,0,0,0,38,0,0
Germany->Australia,0,0,40,8,9,80,7,0
Germany->Portugal,0,0,0,100,0,38,0,0
Japan->Jordan,0,0,0,0,0,100,0,0
Japan->Israel,0,0,0,0,100,57,0,0
Israel->Greece,0,0,0,0,0,31,0,0
Greece->Portugal,0,0,0,0,0,203,0,0
Greece->Poland,0,0,0,0,0,132,0,0
Greece->Japan,0,0,0,0,0,126,0,0
Greece->Argentina,0,0,0,0,0,100,0,0
Greece->Hungary,0,0,0,0,28,117,0,0
Greece->Taiwan,0,0,0,0,24,100,0,0
Switzerland->Romania,0,0,0,76,0,16,162,0
UnitedKingdom->Spain,0,0,0,68,0,21,0,0
Switzerland->Brazil,0,0,0,0,0,106,0,0
Switzerland->Vietnam,0,0,0,134,0,42,7,0
Switzerland->Iceland,0,0,0,123,2,24,57,0
Switzerland->Belgium,0,0,0,52,0,18,0,0
Romania->Latvia,0,0,0,29,0,9,0,0
Romania->Portugal,0,0,0,0,0,26,0,0
Poland->Canada,0,0,0,0,0,94,0,0
Australia->Greece,0,0,0,0,0,61,0,0
Greece->Latvia,0,0,0,0,0,32,0,0
Latvia->Belgium,0,0,0,0,0,21,0,0
Belgium->Japan,0,0,32,0,0,15,0,0
Japan->Luxembourg,0,0,0,0,0,50,0,0
Luxembourg->France,0,0,0,0,8,210,0,0
Luxembourg->Switzerland,0,0,0,10,22,66,100,0
Switzerland->CzechRepublic,0,0,0,6,0,25,0,0
CzechRepublic->Italy,0,0,0,35,0,42,0,0
Italy->Netherlands,0,0,0,2,0,166,3,0
Italy->Romania,0,0,0,0,0,83,0,0
Italy->Latvia,0,0,0,0,30,100,0,0
France->Latvia,0,0,0,14,0,19,0,0
Latvia->UnitedArabEmirates,0,0,0,0,0,48,0,0
UnitedArabEmirates->Luxembourg,0,0,0,6,0,130,0,0
UnitedArabEmirates->Norway,0,0,0,0,0,88,0,0
UnitedArabEmirates->Italy,0,0,0,0,0,91,0,0
UnitedArabEmirates->China,0,0,66,16,0,66,0,0
China->Spain,0,0,0,200,0,28,0,0
China->Latvia,0,0,200,0,0,29,0,0
Spain->BosniaandHerzegovina,0,0,0,1,0,36,0,0
BosniaandHerzegovina->Italy,0,0,0,3,0,111,0,0
BosniaandHerzegovina->Brazil,0,0,0,0,0,39,0,0
BosniaandHerzegovina->Russia,0,0,0,1,0,70,0,0
Italy->Senegal,0,0,0,6,0,163,0,0
Italy->UnitedKingdom,0,0,0,8,0,131,5,0
Italy->Hungary,0,0,0,0,0,90,0,0
Italy->BosniaandHerzegovina,0,0,0,68,0,103,0,0
BosniaandHerzegovina->Poland,0,0,0,0,0,76,0,0
BosniaandHerzegovina->UnitedKingdom,0,0,0,0,0,51,0,0
BosniaandHerzegovina->Switzerland,0,0,0,54,0,55,17,0
Switzerland->China,0,0,0,0,0,100,0,0
Switzerland->Denmark,0,0,0,17,0,100,0,0
Switzerland->BosniaandHerzegovina,0,0,0,36,0,81,0,0
BosniaandHerzegovina->Morocco,0,0,0,0,0,33,0,0
Morocco->France,0,0,0,0,6,119,0,0
Chile->BosniaandHerzegovina,0,0,0,0,0,14,0,0
Chile->India,0,0,0,0,0,63,0,0
Italy->Luxembourg,0,0,0,47,15,37,0,0
Luxembourg->Taiwan,0,0,0,0,0,4,0,0
Luxembourg->Chile,0,0,0,0,0,4,1,0
Chile->Morocco,0,0,0,0,0,0,33,0
Luxembourg->UnitedKingdom,0,0,0,0,0,9,0,0
Luxembourg->Georgia,0,0,0,0,0,21,0,0
France->Israel,0,0,0,0,108,22,23,0
Israel->Mexico,0,0,0,0,0,0,73,0
France->Switzerland,0,0,0,0,0,29,38,0
France->Austria,0,0,0,0,30,11,0,0
France->Luxembourg,0,0,0,0,7,15,107,0
France->Singapore,0,0,0,0,7,56,37,0
France->Nigeria,0,0,0,0,0,47,100,0
France->Taiwan,0,0,7,0,0,102,34,0
Taiwan->Canada,0,0,6,6,6,75,0,0
Canada->Sweden,0,0,0,0,0,22,0,0
Sweden->UnitedArabEmirates,0,0,0,10,14,231,0,0
Sweden->Taiwan,0,0,44,21,0,78,0,0
Taiwan->UnitedArabEmirates,0,0,37,0,4,52,26,0
UnitedArabEmirates->Russia,0,0,0,1,0,58,0,0
UnitedArabEmirates->Sweden,0,0,0,0,24,142,0,0
UnitedArabEmirates->USA,0,0,17,0,34,74,0,0
USA->Turkey,0,0,0,0,24,83,81,0
Turkey->USA,0,0,0,0,9,0,19,0
Turkey->Sweden,0,0,0,0,31,40,0,0
Sweden->Norway,0,0,0,1,51,42,36,0
Norway->France,0,0,0,0,0,202,0,0
France->Canada,0,0,0,0,0,107,31,0
France->Belgium,0,0,0,0,0,101,31,0
France->Finland,0,0,0,0,64,70,0,0
France->Jordan,0,0,0,0,0,43,0,0
Jordan->Chile,0,0,0,0,0,56,0,0
Jordan->Denmark,0,0,0,0,0,29,0,0
Denmark->Israel,0,0,0,0,10,34,0,0
Israel->Austria,0,0,0,0,6,69,1,0
Israel->Senegal,0,0,0,0,0,41,0,0
Israel->Australia,0,0,0,0,200,100,6,0
Israel->Luxembourg,0,0,0,0,0,144,0,0
Israel->Jordan,0,0,0,0,0,100,0,0
Israel->Vietnam,0,0,0,0,33,82,0,0
Vietnam->USA,0,0,0,0,4,14,19,0
USA->Canada,0,0,100,0,194,386,87,0
Canada->Argentina,0,0,0,0,0,0,62,0
Argentina->Israel,0,0,0,0,0,0,59,0
Israel->Canada,0,0,0,0,0,41,152,0
Israel->Denmark,0,0,0,0,121,100,0,0
Denmark->Colombia,0,0,0,0,0,105,0,0
Denmark->Netherlands,0,0,0,0,0,107,0,0
Denmark->France,0,0,0,0,0,115,0,0
Denmark->Germany,0,0,0,3,76,100,0,0
Germany->France,0,0,0,138,23,100,0,0
Germany->Senegal,0,0,10,24,119,100,0,0
Germany->Austria,0,0,7,31,5,117,23,0
Germany->USA,0,0,0,0,24,119,0,0
USA->Switzerland,0,0,0,7,100,100,0,0
USA->Poland,0,0,4,0,0,142,27,0
USA->France,0,0,14,0,42,341,0,0
USA->Hungary,0,0,0,0,0,100,0,0
USA->Luxembourg,0,0,100,0,5,216,5,0
USA->Senegal,0,0,0,0,0,232,0,0
USA->Germany,0,0,200,1,0,100,0,0
USA->Iceland,0,0,0,3,0,100,18,0
USA->Jordan,0,0,0,0,0,100,0,0
USA->Colombia,0,0,0,0,0,194,18,0
USA->Austria,0,0,0,0,32,109,33,0
Poland->Portugal,0,0,0,14,0,24,42,0
Colombia->Georgia,0,0,0,0,0,21,0,0
Georgia->Senegal,0,0,0,0,0,41,0,0
BosniaandHerzegovina->France,0,0,0,0,0,23,17,0
Germany->Spain,0,0,0,101,29,19,18,0
Germany->Poland,0,0,0,100,0,0,34,0
Germany->NewZealand,0,0,20,240,0,0,0,0
Germany->Netherlands,0,0,66,253,172,78,5,0
Netherlands->Argentina,0,0,0,149,0,0,33,0
Netherlands->France,0,0,0,62,0,21,0,0
Germany->Uruguay,0,0,0,61,0,0,0,0
Netherlands->Senegal,0,0,0,92,0,0,0,0
Argentina->Hungary,0,0,0,100,0,0,0,0
Argentina->USA,0,0,0,100,0,24,5,0
Argentina->Belgium,0,0,0,75,0,0,0,0
Belgium->Australia,0,0,0,27,0,0,0,0
Australia->Senegal,0,0,15,38,66,0,0,0
Belgium->Spain,0,0,0,100,0,63,26,0
Belgium->Netherlands,0,0,0,100,0,5,100,0
Belgium->Germany,0,0,0,100,0,0,14,0
Belgium->Italy,0,0,0,23,0,127,38,0
Argentina->Netherlands,0,0,0,0,0,0,48,0
Russia->Norway,0,0,0,7,0,3,0,0
Spain->DemocraticRepublicoftheCongo,0,0,0,37,2,8,32,0
DemocraticRepublicoftheCongo->Argentina,0,0,0,0,0,68,0,0
USA->Portugal,0,0,0,0,5,65,31,0
Russia->UnitedArabEmirates,0,0,0,9,0,19,0,0
Oman->Sweden,0,0,0,17,0,9,0,0
Oman->Italy,0,0,0,0,0,28,0,0
Russia->Mexico,0,0,0,58,0,0,17,0
Poland->Romania,0,0,0,5,0,109,0,0
Switzerland->France,0,0,0,6,0,108,45,0
Luxembourg->Greece,0,0,0,0,0,64,0,0
Luxembourg->Italy,0,0,0,0,0,154,0,0
Greece->Germany,0,0,0,0,0,31,0,0
Germany->UnitedKingdom,0,0,0,0,0,33,16,0
UnitedKingdom->Italy,0,0,0,98,0,9,0,0
UnitedKingdom->Netherlands,0,0,0,0,83,7,0,0
UnitedKingdom->Canada,0,0,0,0,0,0,38,0
Switzerland->SaudiArabia,0,0,0,100,0,0,0,0
Switzerland->USA,0,0,0,3,0,7,100,0
Switzerland->NewZealand,0,0,0,0,0,0,100,0
Switzerland->Taiwan,0,0,0,19,0,12,80,0
SaudiArabia->Latvia,0,0,0,0,0,82,0,0
Latvia->India,0,0,0,0,0,35,0,0
Latvia->Taiwan,0,0,0,0,0,25,0,0
Latvia->China,0,0,0,0,0,39,0,0
UnitedKingdom->Iceland,0,0,0,73,0,0,58,0
Germany->Mexico,0,0,0,112,0,0,0,0
Germany->Italy,0,0,0,46,46,42,0,0
DemocraticRepublicoftheCongo->France,0,0,0,5,42,12,175,0
Spain->Sweden,0,0,0,2,0,66,0,0
Spain->UnitedKingdom,0,0,0,37,0,86,0,0
UnitedKingdom->Austria,0,0,4,22,0,24,24,0
Mexico->Spain,0,0,0,0,0,91,0,0
Spain->Colombia,0,0,0,0,5,80,0,0
Colombia->Portugal,0,0,0,0,0,22,0,0
Colombia->India,0,0,0,0,6,11,0,0
India->Chile,0,0,0,0,0,46,0,0
Spain->India,0,0,0,0,42,93,0,0
DemocraticRepublicoftheCongo->Iceland,0,0,0,38,43,0,0,0
DemocraticRepublicoftheCongo->Germany,0,0,0,48,91,0,100,0
Germany->Luxembourg,0,0,0,0,37,40,30,0
Colombia->Switzerland,0,0,0,0,41,0,0,0
Switzerland->Spain,0,0,0,71,100,23,0,0
Spain->Luxembourg,0,0,0,24,36,39,0,0
Spain->Italy,0,0,0,20,66,138,0,0
Luxembourg->Finland,0,0,0,0,7,100,0,0
India->France,0,0,0,0,16,1,0,0
India->Greece,0,0,0,0,40,0,0,0
Hungary->Colombia,0,0,0,0,33,38,0,0
Hungary->DemocraticRepublicoftheCongo,0,0,0,0,34,0,0,0
DemocraticRepublicoftheCongo->Belgium,0,0,0,0,101,5,127,0
DemocraticRepublicoftheCongo->Georgia,0,0,0,0,119,28,0,0
DemocraticRepublicoftheCongo->Australia,0,0,0,0,88,0,5,0
DemocraticRepublicoftheCongo->Italy,0,0,0,6,86,38,0,0
DemocraticRepublicoftheCongo->Netherlands,0,0,0,0,37,11,0,0
DemocraticRepublicoftheCongo->Senegal,0,0,0,0,22,0,0,0
Germany->Argentina,0,0,0,52,100,28,30,0
Germany->Denmark,0,0,0,17,143,0,0,0
USA->Spain,0,0,11,105,10,33,0,0
Denmark->Vietnam,0,0,0,25,51,0,0,0
DemocraticRepublicoftheCongo->Portugal,0,0,0,0,8,54,3,0
DemocraticRepublicoftheCongo->NewZealand,0,0,0,0,23,12,10,0
DemocraticRepublicoftheCongo->USA,0,0,0,7,95,40,0,0
Australia->France,0,0,0,0,16,27,0,0
Australia->Luxembourg,0,0,0,0,0,1,23,0
Australia->Oman,0,0,5,0,0,0,118,0
Australia->Belgium,0,0,0,11,0,3,100,0
Luxembourg->Portugal,0,0,0,0,0,38,36,0
France->CzechRepublic,0,0,0,0,100,12,0,0
France->Vietnam,0,0,0,0,100,0,0,0
DemocraticRepublicoftheCongo->Canada,0,0,0,0,25,5,38,0
DemocraticRepublicoftheCongo->Turkey,0,0,0,0,44,0,0,0
Turkey->SaudiArabia,0,0,2,2,42,1,152,0
Turkey->Belgium,0,0,0,0,0,0,100,0
Turkey->Latvia,0,0,0,0,0,0,100,0
SaudiArabia->India,0,0,0,0,128,38,0,0
SaudiArabia->Bangladesh,0,0,0,0,29,0,35,0
India->Turkey,0,0,0,0,99,0,0,0
SaudiArabia->Finland,0,0,0,0,0,35,31,0
SaudiArabia->Turkey,0,0,0,1,115,0,148,0
Finland->Austria,0,0,0,0,39,0,35,0
Finland->Sweden,0,0,0,0,56,0,100,0
Finland->UnitedKingdom,0,0,0,4,0,0,100,0
SaudiArabia->Jordan,0,0,0,0,167,0,0,0
India->Australia,0,0,0,0,213,0,53,0
India->Malaysia,0,0,0,0,69,35,253,0
Malaysia->SaudiArabia,0,0,0,0,38,0,0,0
Canada->USA,0,0,0,0,67,24,47,0
Canada->Brazil,0,0,0,0,52,58,0,0
Brazil->Colombia,0,0,0,0,0,51,0,0
Brazil->Greece,0,0,0,0,0,17,0,0
Greece->Finland,0,0,0,0,0,20,0,0
Finland->USA,0,0,0,0,71,28,0,0
Canada->Japan,0,0,0,0,0,101,0,0
Japan->Canada,0,0,0,0,0,66,0,0
Canada->Colombia,0,0,0,0,0,83,35,0
Brazil->Nigeria,0,0,0,0,52,0,0,0
USA->Romania,0,0,0,0,100,0,0,0
USA->Argentina,0,0,0,4,77,12,22,0
Argentina->NewZealand,0,0,0,0,14,0,20,0
Argentina->Norway,0,0,0,1,7,0,20,0
DemocraticRepublicoftheCongo->Norway,0,0,0,0,74,0,0,0
DemocraticRepublicoftheCongo->Singapore,0,0,0,0,76,0,10,0
DemocraticRepublicoftheCongo->Morocco,0,0,0,0,54,8,0,0
Colombia->Canada,0,0,0,0,0,29,42,0
USA->Australia,0,0,8,2,116,209,8,0
Netherlands->Morocco,0,0,0,0,0,15,0,0
Morocco->Belgium,0,0,0,0,0,169,0,0
France->Sweden,0,0,17,0,22,0,0,0
Sweden->Austria,0,0,0,0,31,0,36,0
Austria->Norway,0,0,0,3,0,0,31,0
Sweden->Israel,0,0,0,0,155,0,27,0
Sweden->Chile,0,0,0,20,46,0,0,0
Sweden->Finland,0,0,0,0,3,0,0,0
Sweden->Iceland,0,0,0,3,29,1,0,0
Finland->France,0,0,0,0,23,0,0,0
France->Senegal,0,0,0,0,41,0,100,0
Finland->Georgia,0,0,0,0,39,0,0,0
Sweden->BosniaandHerzegovina,0,0,0,33,0,84,0,0
Belgium->Denmark,0,0,0,0,0,72,0,0
Belgium->Oman,0,0,0,0,0,38,30,0
Belgium->USA,0,0,0,0,0,100,0,0
Hungary->Portugal,0,0,0,0,0,100,0,0
Portugal->Belgium,0,0,0,0,0,113,0,0
Israel->CzechRepublic,0,0,0,0,0,0,31,0
CzechRepublic->Spain,0,0,0,0,0,0,32,0
CzechRepublic->Hungary,0,0,0,0,0,0,15,0
Hungary->Germany,0,0,0,0,0,11,17,0
Hungary->Netherlands,0,0,0,0,0,0,13,0
Netherlands->Australia,0,0,0,0,0,0,20,0
Australia->Italy,0,0,0,0,15,0,69,0
Australia->Austria,0,0,0,13,0,0,129,0
Australia->Israel,0,0,0,0,0,0,67,0
Australia->Hungary,0,0,0,0,0,6,36,0
Hungary->Bangladesh,0,0,0,0,0,0,35,0
Sweden->Australia,0,0,21,0,100,0,0,0
Sweden->France,0,0,5,21,61,111,40,0
Sweden->UnitedKingdom,0,0,0,10,9,0,34,0
Sweden->Belgium,0,0,0,0,100,11,0,0
Denmark->Norway,0,0,0,0,46,33,0,0
Denmark->USA,0,0,0,0,52,7,0,0
USA->NewZealand,0,0,0,0,70,71,60,0
USA->Israel,0,0,0,0,147,0,0,0
USA->Netherlands,0,0,0,0,17,3,28,0
USA->Morocco,0,0,0,0,101,0,0,0
Israel->Kazakhstan,0,0,0,0,0,0,100,0
Israel->Argentina,0,0,0,0,0,4,113,0
Israel->NewZealand,0,0,0,0,0,0,100,0
Israel->UnitedArabEmirates,0,0,0,0,100,0,0,0
Israel->Colombia,0,0,0,0,200,2,0,0
Israel->France,0,0,0,0,122,76,13,0
Israel->Switzerland,0,0,0,0,100,65,0,0
Israel->Singapore,0,0,0,0,100,2,0,0
Israel->Germany,0,0,0,0,100,2,9,0
Germany->Chile,0,0,0,2,98,0,0,0
Luxembourg->Argentina,0,0,0,0,0,1,41,0
Germany->Hungary,0,0,0,0,0,47,35,0
Hungary->Austria,0,0,0,0,0,31,45,0
Hungary->Israel,0,0,0,0,0,15,14,0
Hungary->Canada,0,0,0,0,0,20,0,0
Canada->France,0,0,0,0,0,35,8,0
France->Denmark,0,0,0,0,0,26,0,0
France->Norway,0,0,0,39,0,51,0,0
France->Colombia,0,0,0,0,3,75,3,0
Colombia->Netherlands,0,0,0,0,0,33,0,0
Colombia->France,0,0,0,0,3,94,0,0
Singapore->Taiwan,0,0,68,0,0,0,33,0
Netherlands->BosniaandHerzegovina,0,0,0,2,0,0,41,0
Denmark->Senegal,0,0,0,0,59,28,0,0
Senegal->Germany,0,0,0,27,34,0,0,0
Germany->Israel,0,0,0,0,79,6,4,0
Israel->Brazil,0,0,0,0,30,0,0,0
Brazil->France,0,0,0,0,41,0,0,0
Finland->Denmark,0,0,0,0,87,19,0,0
Finland->Canada,0,0,0,0,35,0,0,0
Finland->Chile,0,0,0,0,41,80,0,0
Denmark->NewZealand,0,0,0,0,53,0,100,0
France->Hungary,0,0,0,0,10,45,0,0
SaudiArabia->Poland,0,0,0,0,97,0,0,0
SaudiArabia->Brazil,0,0,0,0,0,98,0,0
China->Turkey,0,0,0,41,8,0,0,0
China->UnitedArabEmirates,0,0,278,152,71,1,13,0
UnitedArabEmirates->Oman,0,0,0,0,66,5,0,0
UnitedArabEmirates->Canada,0,0,0,0,7,11,0,0
Canada->Turkey,0,0,0,0,7,0,0,0
Canada->Australia,0,0,0,0,7,41,0,0
Canada->India,0,0,0,0,15,0,0,0
Canada->Norway,0,0,0,0,0,80,0,0
Australia->Georgia,23,0,0,0,121,0,0,0
Oman->Turkey,0,0,0,0,78,61,0,0
Turkey->Kazakhstan,0,0,0,0,0,28,0,0
UnitedArabEmirates->Uganda,0,0,0,0,0,1,102,0
UnitedArabEmirates->Taiwan,0,0,27,0,13,23,54,0
UnitedArabEmirates->Turkey,0,0,0,0,33,4,0,0
Turkey->Canada,0,0,0,0,97,4,0,0
Turkey->Germany,0,0,17,0,0,62,0,0
Germany->Taiwan,0,0,23,0,0,35,0,0
Turkey->UnitedArabEmirates,0,0,0,0,97,0,0,0
Turkey->Thailand,0,0,9,0,30,0,0,0
UnitedArabEmirates->Australia,0,0,0,0,244,5,0,0
UnitedArabEmirates->HongKong,0,0,0,14,100,0,0,0
HongKong->China,0,0,0,80,195,0,0,0
China->Australia,0,14,49,201,117,0,0,0
Australia->NewZealand,0,0,23,0,23,0,0,0
China->Germany,0,0,105,0,0,0,0,0
China->Sweden,0,0,10,0,0,0,0,0
China->NewZealand,0,0,27,0,39,0,0,0
China->Senegal,0,0,46,0,0,0,0,0
China->France,0,0,100,100,0,0,0,0
China->HongKong,0,0,101,86,5,0,0,0
China->Poland,0,0,116,0,0,0,0,0
China->Oman,0,0,129,24,24,0,0,0
China->Vietnam,0,0,100,163,0,0,0,0
China->USA,0,0,191,157,311,0,18,0
USA->Taiwan,0,0,192,35,6,295,7,0
China->Iceland,0,0,38,0,0,0,32,0
China->Thailand,0,12,219,140,0,0,0,0
China->Belgium,0,0,100,68,0,0,0,0
China->Taiwan,0,0,210,139,113,25,13,0
UnitedArabEmirates->Germany,0,0,9,13,1,3,0,0
UnitedArabEmirates->SouthKorea,0,0,28,0,0,0,0,0
SouthKorea->China,0,12,8,27,152,0,0,0
SouthKorea->SouthAfrica,0,0,16,0,0,0,0,0
SouthKorea->USA,0,0,48,0,41,0,0,0
USA->Singapore,0,0,220,16,134,36,0,0
USA->Oman,0,0,100,0,0,0,0,0
USA->Thailand,0,0,100,0,0,0,0,0
USA->Kazakhstan,0,0,10,3,10,0,0,0
Kazakhstan->France,0,0,0,0,69,0,0,0
Kazakhstan->Spain,0,0,0,0,39,0,100,0
Spain->Australia,0,0,0,7,97,0,2,0
Singapore->Malaysia,0,0,7,23,25,265,200,0
Malaysia->Thailand,0,0,116,0,24,0,0,0
Singapore->Spain,0,0,11,113,6,8,0,0
Singapore->SouthKorea,0,0,5,72,0,0,0,0
China->Japan,0,0,0,134,0,0,0,0
China->Mexico,0,0,12,200,0,0,25,0
China->Uruguay,0,0,0,100,0,0,0,0
Uruguay->Mexico,0,0,0,0,0,100,0,0
Uruguay->Colombia,0,0,0,0,0,100,0,0
Uruguay->UnitedKingdom,0,0,0,0,0,0,100,0
China->India,0,0,24,104,37,12,0,0
China->Chile,0,0,0,165,0,0,0,0
Chile->Belgium,0,0,0,32,0,0,0,0
China->Jordan,0,0,0,100,0,0,0,0
Japan->Greece,0,0,0,24,49,70,0,0
Japan->Taiwan,0,0,0,27,49,0,0,0
Singapore->SaudiArabia,0,0,12,34,6,0,0,0
China->SouthKorea,0,9,25,10,250,0,0,0
China->SaudiArabia,5,0,4,79,5,0,0,0
HongKong->India,0,0,0,0,100,0,0,0
HongKong->Spain,0,0,0,100,0,0,0,0
HongKong->Australia,0,0,0,108,100,27,0,0
HongKong->Singapore,0,0,0,61,0,0,0,0
USA->Malaysia,0,0,0,0,100,0,0,0
USA->Mexico,0,0,0,0,0,164,34,0
USA->Uruguay,0,0,0,0,0,100,0,0
Taiwan->Australia,0,0,15,17,0,51,0,0
Mexico->NewZealand,0,0,0,0,0,29,0,0
SaudiArabia->USA,0,0,0,9,20,0,0,0
Australia->Nigeria,0,0,0,0,100,0,0,0
Australia->Uganda,0,0,0,0,64,0,0,0
Uganda->Nigeria,0,0,0,0,100,0,0,0
Uganda->SaudiArabia,0,0,0,0,11,0,24,0
SaudiArabia->Senegal,0,0,0,0,0,0,11,0
SaudiArabia->Oman,0,0,0,25,100,200,0,0
SaudiArabia->Uganda,0,0,0,0,66,0,0,0
USA->SouthKorea,0,0,131,100,35,0,0,0
Germany->Thailand,0,0,13,100,0,0,0,0
Germany->China,0,0,23,112,0,0,0,0
Germany->HongKong,0,0,94,77,0,0,0,0
HongKong->NewZealand,0,0,0,27,0,0,0,0
HongKong->Austria,0,0,0,44,0,0,0,0
Austria->Denmark,0,0,0,34,0,0,0,0
Austria->Australia,0,0,0,21,0,0,106,0
Austria->Vietnam,0,0,0,16,0,7,0,0
Netherlands->Taiwan,0,0,0,1,0,102,0,0
Germany->Malaysia,0,0,39,0,0,0,0,0
Germany->Norway,0,0,39,6,0,0,0,0
Malaysia->Japan,0,0,100,0,164,0,0,0
Thailand->Malaysia,0,0,128,0,46,0,0,0
Taiwan->China,0,0,102,0,0,43,0,0
Malaysia->Canada,0,0,6,5,0,0,0,0
Malaysia->Singapore,0,0,3,5,0,0,0,0
China->Malaysia,0,0,0,100,0,0,0,0
China->UnitedKingdom,0,0,0,100,4,0,0,0
China->Colombia,0,0,0,67,0,0,0,0
Colombia->Vietnam,0,0,0,37,0,0,0,0
China->Finland,0,0,0,100,0,0,0,0
Malaysia->Taiwan,0,0,64,0,0,0,0,0
Malaysia->Chile,0,0,0,0,0,100,0,0
Malaysia->Greece,0,0,0,0,100,0,0,0
Japan->Australia,0,0,0,0,39,112,96,0
Japan->Singapore,0,0,52,0,100,0,0,0
Japan->China,0,0,0,36,100,0,0,0
Malaysia->Colombia,0,0,0,0,0,100,0,0
Malaysia->USA,0,0,0,0,0,100,0,0
Malaysia->Iceland,0,0,0,0,0,32,44,0
Malaysia->UnitedKingdom,0,0,0,0,0,15,29,0
UnitedKingdom->NewZealand,0,0,0,16,52,67,40,0
Iceland->USA,0,0,0,0,0,0,29,0
Iceland->Mexico,0,0,0,0,0,0,29,0
UnitedKingdom->HongKong,0,0,0,0,1,0,0,0
HongKong->SouthKorea,0,0,0,0,96,0,0,0
HongKong->Thailand,0,0,0,0,96,0,0,0
Singapore->India,0,0,0,8,242,162,300,0
Singapore->UnitedKingdom,0,0,50,23,0,66,0,0
Spain->NewZealand,0,0,0,0,30,39,38,0
UnitedKingdom->SouthKorea,0,0,0,41,26,0,0,0
UnitedKingdom->Norway,0,0,0,100,0,0,0,0
NewZealand->Chile,0,0,0,0,0,31,0,0
Jordan->Greece,0,0,0,0,26,0,100,0
Jordan->Netherlands,0,0,0,0,0,0,100,0
UnitedKingdom->Nigeria,0,0,0,0,47,0,0,0
Nigeria->Jordan,0,0,0,0,85,0,0,0
Greece->Brazil,0,0,0,0,100,10,0,0
Greece->Singapore,0,0,0,0,100,0,0,0
Greece->USA,0,0,0,0,34,29,39,0
Greece->Canada,0,0,0,0,27,0,39,0
Greece->NewZealand,0,0,0,0,100,0,0,0
Greece->Nigeria,0,0,0,0,100,0,0,0
UnitedKingdom->Oman,0,0,0,24,0,0,73,0
Iceland->Brazil,0,0,0,22,0,7,0,0
Brazil->DemocraticRepublicoftheCongo,0,0,0,16,0,0,16,0
Brazil->Luxembourg,0,0,0,20,0,27,16,0
UnitedKingdom->BosniaandHerzegovina,0,0,0,100,0,0,0,0
UnitedKingdom->Greece,0,0,0,100,46,0,0,0
NewZealand->Netherlands,0,0,0,25,10,0,0,0
NewZealand->Thailand,0,0,0,0,0,33,0,0
Netherlands->Israel,0,0,0,0,0,100,0,0
Netherlands->Jordan,0,0,0,0,0,64,0,0
Jordan->Uruguay,0,0,0,0,0,33,0,0
Spain->Bangladesh,0,0,0,100,0,0,0,0
Spain->Malaysia,0,0,0,0,100,0,0,0
Spain->Morocco,0,0,0,0,100,0,0,0
Spain->Belgium,0,0,0,0,100,0,0,0
Spain->Hungary,0,0,0,0,36,0,57,0
Hungary->NewZealand,0,0,0,0,1,0,32,0
Spain->Chile,0,0,0,30,0,24,100,0
Morocco->Bangladesh,0,0,0,0,0,100,0,0
Morocco->Australia,0,0,0,0,100,0,0,0
Morocco->Italy,0,0,0,0,100,22,0,0
Morocco->Georgia,0,0,0,0,0,109,0,0
Morocco->Portugal,0,0,0,0,0,66,27,0
Morocco->Chile,0,0,0,0,0,117,42,0
Morocco->India,0,0,0,0,0,6,100,0
India->SouthAfrica,0,0,0,16,99,0,0,0
India->Taiwan,0,0,1,0,199,34,0,0
India->Oman,0,0,0,0,100,0,0,0
India->Singapore,0,0,0,0,113,0,0,0
India->SaudiArabia,0,0,0,0,174,0,0,0
France->Germany,0,0,0,21,100,0,0,0
Georgia->SaudiArabia,23,0,0,0,0,0,0,0
Georgia->Australia,22,12,0,0,14,0,0,0
Australia->China,0,46,18,21,0,0,0,0
Australia->SouthKorea,0,10,25,0,0,0,0,0
Australia->Thailand,0,10,33,33,5,0,0,0
Australia->HongKong,0,0,14,0,0,18,0,0
Australia->Taiwan,0,0,23,18,0,0,0,0
Oman->Singapore,0,0,16,0,0,0,0,0
HongKong->Sweden,0,0,3,0,0,0,0,0
HongKong->Taiwan,0,0,5,0,0,0,0,0
HongKong->Georgia,0,0,12,0,0,0,0,0
HongKong->Italy,0,0,30,0,0,0,0,0
Norway->Italy,0,0,70,1,0,0,0,0
Italy->China,0,0,8,0,0,3,0,0
Italy->Taiwan,0,0,27,1,0,34,0,0
India->USA,0,0,38,0,14,0,0,0
USA->Belgium,0,0,73,0,0,0,0,0
UnitedKingdom->Australia,0,0,31,84,0,0,30,0
Thailand->China,0,12,39,37,0,0,0,0
Austria->SaudiArabia,0,0,0,98,0,0,0,0
Germany->Switzerland,0,0,0,44,17,0,0,0
Senegal->Poland,0,0,0,32,0,0,0,0
Poland->SouthAfrica,0,0,0,4,0,0,5,0
Poland->UnitedArabEmirates,0,0,0,29,0,15,0,0
SouthAfrica->BosniaandHerzegovina,0,0,0,20,0,0,0,0
SouthAfrica->Luxembourg,0,0,0,8,0,0,0,0
SouthAfrica->Iceland,0,0,0,21,0,0,0,0
SouthAfrica->India,0,0,0,36,0,0,0,0
Uganda->China,0,0,0,38,0,0,0,0
UnitedKingdom->Sweden,0,0,0,4,0,0,0,0
BosniaandHerzegovina->Austria,0,0,0,37,0,0,18,0
Italy->Kazakhstan,0,0,0,17,0,0,0,0
Italy->Oman,0,0,0,17,0,15,0,0
Italy->Brazil,0,0,0,17,0,42,0,0
Italy->Uganda,0,0,0,18,0,0,0,0
Italy->Austria,0,0,0,21,0,10,0,0
Spain->Norway,0,0,0,20,0,0,0,0
Norway->Chile,0,0,0,16,0,0,0,0
Senegal->Sweden,0,0,1,17,0,0,0,0
Senegal->Russia,0,0,0,14,0,0,0,0
Sweden->DemocraticRepublicoftheCongo,0,0,0,31,4,0,13,0
Latvia->Chile,0,0,0,33,0,0,0,0
Chile->France,0,0,0,32,16,2,0,0
France->Uganda,0,0,0,74,0,0,0,0
Switzerland->Argentina,0,0,0,23,0,0,6,0
Argentina->Germany,0,0,0,34,0,0,0,0
Germany->Iceland,0,0,0,9,6,0,0,0
UnitedKingdom->Finland,0,0,0,12,0,0,0,0
Finland->India,0,0,0,13,0,0,0,0
Finland->Italy,0,0,0,34,0,4,0,0
UnitedKingdom->Russia,0,0,0,92,0,0,0,0
UnitedKingdom->Bangladesh,0,0,0,40,0,21,0,0
Sweden->Netherlands,0,0,0,2,0,0,0,0
Sweden->CzechRepublic,0,0,0,0,0,23,0,0
Portugal->Turkey,0,0,0,0,0,0,48,0
Germany->Bangladesh,0,0,0,20,0,0,0,0
Germany->UnitedArabEmirates,0,0,22,29,0,0,0,0
Belgium->Poland,0,0,0,0,0,13,10,0
Morocco->UnitedKingdom,0,0,0,0,0,55,53,0
Bangladesh->Denmark,0,0,0,0,0,35,30,0
Austria->Brazil,0,0,0,0,3,39,0,0
Italy->Vietnam,0,0,0,22,0,39,2,0
Vietnam->Morocco,0,0,0,0,0,49,0,0
Finland->Portugal,0,0,0,0,0,21,0,0
Portugal->Argentina,0,0,0,0,0,40,0,0
UnitedKingdom->Georgia,0,0,0,0,0,53,14,0
Denmark->CzechRepublic,0,0,0,0,0,0,35,0
Chile->Argentina,0,0,0,0,0,101,0,0
Switzerland->Singapore,0,0,0,67,0,0,0,0
Singapore->Netherlands,0,0,0,30,2,5,0,0
Vietnam->Russia,0,0,0,54,0,0,0,0
Vietnam->Australia,0,0,0,91,0,0,0,0
Vietnam->Argentina,0,0,0,53,0,7,14,0
Vietnam->UnitedKingdom,0,0,0,45,0,36,0,0
Italy->Denmark,0,0,0,25,0,0,0,0
Poland->Israel,0,0,0,0,0,38,0,0
Poland->Chile,0,0,0,0,0,38,32,0
Poland->CzechRepublic,0,0,0,0,0,66,0,0
Australia->Poland,0,0,0,0,0,29,0,0
Mexico->Morocco,0,0,0,0,0,18,0,0
Portugal->Iceland,0,0,0,0,0,31,0,0
Iceland->Austria,0,0,0,0,0,21,0,0
Iceland->Switzerland,0,0,0,6,7,19,0,0
Netherlands->Georgia,0,0,0,0,0,36,0,0
Portugal->Russia,0,0,0,0,0,66,0,0
Netherlands->Canada,0,0,0,0,0,9,38,0
Chile->Australia,0,0,0,0,0,0,38,0
Portugal->Luxembourg,0,0,0,0,0,29,40,0
Vietnam->Austria,0,0,0,31,0,5,26,0
Vietnam->Switzerland,0,0,0,20,0,5,26,0
Singapore->Jordan,0,0,0,80,9,0,0,0
Singapore->Uganda,0,0,0,11,11,0,0,0
Uganda->BosniaandHerzegovina,0,0,0,18,16,0,0,0
Uganda->India,0,0,0,20,41,0,0,0
Switzerland->Kazakhstan,0,0,0,0,0,0,2,0
Switzerland->SouthAfrica,0,0,0,11,0,0,44,0
UnitedKingdom->Morocco,0,0,0,0,0,78,19,0
Morocco->Switzerland,0,0,0,0,0,29,0,0
UnitedKingdom->Colombia,0,0,0,26,0,0,36,0
UnitedKingdom->Luxembourg,0,0,0,31,0,21,39,0
Japan->CzechRepublic,0,0,0,0,0,20,96,0
Japan->Poland,0,0,0,0,0,0,72,0
Belgium->Finland,0,0,0,18,0,30,0,0
Finland->DemocraticRepublicoftheCongo,0,0,0,0,0,9,0,0
Portugal->Hungary,0,0,0,0,0,73,0,0
Portugal->Colombia,0,0,0,0,0,57,0,0
Colombia->Jordan,0,0,0,0,0,27,0,0
Germany->Japan,0,0,0,0,0,46,0,0
Japan->Portugal,0,0,0,0,0,90,0,0
Greece->Israel,0,0,0,0,0,43,0,0
Belgium->Vietnam,0,0,0,0,0,13,0,0
Switzerland->Latvia,0,0,0,71,0,0,0,0
Latvia->Romania,0,0,0,36,0,12,0,0
Switzerland->Portugal,0,0,0,15,0,16,10,0
Hungary->Greece,0,0,0,0,19,8,0,0
Hungary->Latvia,0,0,0,0,0,14,0,0
Hungary->Belgium,0,0,0,0,0,41,0,0
Belgium->Brazil,0,0,0,0,0,35,0,0
Latvia->Poland,0,0,0,5,0,6,0,0
Latvia->Italy,0,0,0,0,49,32,0,0
Latvia->Australia,0,0,0,0,0,34,0,0
Chile->Italy,0,0,0,7,0,42,0,0
Italy->India,0,0,7,15,0,42,0,0
UnitedKingdom->Senegal,0,0,0,0,0,5,0,0
UnitedKingdom->Chile,0,0,0,0,33,80,10,0
Georgia->Israel,0,0,0,0,0,15,1,0
Luxembourg->USA,0,0,0,0,3,36,0,0
Taiwan->Sweden,0,0,13,0,4,41,0,0
Turkey->Norway,0,0,0,0,6,35,0,0
Norway->Sweden,0,0,0,9,0,32,0,0
Chile->Denmark,0,0,0,0,5,36,0,0
Denmark->Austria,0,0,0,12,0,77,0,0
Austria->Israel,0,0,0,0,1,58,13,0
Vietnam->Canada,0,0,0,0,0,10,12,0
Argentina->Canada,0,0,0,0,0,0,69,0
Canada->Israel,0,0,0,0,0,42,38,0
USA->Georgia,0,0,8,0,0,43,0,0
Uruguay->Netherlands,0,0,0,31,0,0,0,0
Argentina->Australia,0,0,0,33,0,0,0,0
Argentina->Senegal,0,0,0,38,0,0,0,0
Taiwan->Norway,0,0,0,0,0,30,0,0
Luxembourg->Spain,0,0,0,17,0,5,0,0
Luxembourg->DemocraticRepublicoftheCongo,0,0,0,0,0,5,38,0
Portugal->USA,0,0,0,0,3,44,0,0
Sweden->Luxembourg,0,0,0,18,0,39,0,0
Luxembourg->UnitedArabEmirates,0,0,0,3,0,40,0,0
Luxembourg->Germany,0,0,0,0,13,69,0,0
Germany->Greece,0,0,0,0,0,36,0,0
Taiwan->Romania,0,0,0,0,0,0,38,0
SaudiArabia->Taiwan,0,0,0,16,0,16,0,0
Iceland->UnitedKingdom,0,0,0,0,0,0,52,0
Mexico->Austria,0,0,0,0,0,31,0,0
Chile->Portugal,0,0,0,0,0,35,0,0
Canada->Belgium,0,0,0,0,0,0,37,0
Iceland->Finland,0,0,0,0,39,0,0,0
Spain->Greece,0,0,0,0,14,0,0,0
Greece->France,0,0,0,0,5,0,0,0
Greece->India,0,0,0,0,16,0,0,0
Greece->Colombia,0,0,0,0,12,6,0,0
Colombia->DemocraticRepublicoftheCongo,0,0,0,0,40,0,0,0
Germany->DemocraticRepublicoftheCongo,0,0,0,4,72,0,0,0
Spain->Vietnam,0,0,0,0,13,4,2,0
Spain->USA,0,0,0,0,0,39,0,0
Vietnam->Denmark,0,0,0,20,70,0,0,0
NewZealand->Georgia,0,0,0,0,37,18,0,0
NewZealand->Portugal,0,0,0,0,0,47,0,0
Luxembourg->Australia,0,0,0,0,0,0,21,0
India->Bangladesh,0,0,0,0,28,0,0,0
SaudiArabia->Austria,0,0,0,42,0,34,31,0
USA->Nigeria,0,0,0,0,1,15,0,0
USA->Brazil,0,0,0,0,12,5,0,0
USA->Greece,0,0,0,0,0,20,0,0
USA->Finland,0,0,0,0,0,49,0,0
Nigeria->Japan,0,0,0,0,1,0,0,0
Nigeria->Brazil,0,0,0,0,24,0,0,0
NewZealand->Argentina,0,0,0,0,10,0,0,0
NewZealand->Norway,0,0,0,0,0,0,37,0
Morocco->Norway,0,0,0,0,6,0,0,0
Morocco->Singapore,0,0,0,0,23,0,4,0
Morocco->DemocraticRepublicoftheCongo,0,0,0,0,43,0,0,0
Morocco->Netherlands,0,0,0,0,0,58,0,0
DemocraticRepublicoftheCongo->Sweden,0,0,0,20,30,14,0,0
Sweden->Hungary,0,0,0,0,19,11,0,0
USA->Sweden,0,0,33,0,44,32,0,0
Denmark->BosniaandHerzegovina,0,0,0,0,0,14,0,0
Denmark->Oman,0,0,0,0,0,52,0,0
Denmark->Belgium,0,0,0,0,0,70,0,0
Denmark->Spain,0,0,0,0,4,44,0,0
Denmark->Hungary,0,0,0,0,0,25,0,0
CzechRepublic->Germany,0,0,0,46,0,11,17,0
Austria->Hungary,0,0,0,0,0,18,20,0
Austria->Italy,0,0,0,14,0,18,29,0
Israel->Hungary,0,0,0,0,0,4,32,0
NewZealand->USA,0,0,0,0,53,0,53,0
NewZealand->Israel,0,0,0,0,53,0,0,0
Germany->Colombia,0,0,0,0,19,86,0,0
Colombia->Hungary,0,0,0,0,18,46,0,0
Colombia->Austria,0,0,0,0,0,22,0,0
Norway->Denmark,0,0,0,0,27,13,0,0
Norway->Netherlands,0,0,15,0,0,12,0,0
Netherlands->Colombia,0,0,0,0,0,30,0,0
Austria->BosniaandHerzegovina,0,0,0,0,0,0,23,0
Austria->France,0,0,0,0,11,2,0,0
Austria->Finland,0,0,0,0,34,0,34,0
Denmark->Chile,0,0,0,0,24,37,0,0
Chile->Canada,0,0,0,0,39,0,0,0
Hungary->France,0,0,0,0,1,37,0,0
UnitedArabEmirates->India,0,0,0,2,5,0,0,0
India->Norway,0,0,0,0,22,19,0,0
Norway->Canada,0,0,0,0,0,38,0,0
Oman->Kazakhstan,0,0,0,0,0,72,0,0
Turkey->Taiwan,0,0,0,0,58,57,0,0
Taiwan->Germany,0,0,13,0,0,34,0,0
Sweden->Thailand,0,0,0,0,36,0,0,0
China->Georgia,7,0,0,0,42,0,0,0
Georgia->NewZealand,0,0,0,0,38,37,0,0
Australia->Sweden,0,0,10,0,0,0,0,0
China->SouthAfrica,0,0,23,1,0,0,0,0
Australia->Kazakhstan,0,0,0,2,6,0,0,0
Australia->Spain,0,0,0,2,9,0,1,0
Kazakhstan->Senegal,0,0,0,0,59,0,0,0
Australia->Singapore,0,0,14,45,0,0,0,0
SouthKorea->Japan,0,0,0,24,0,0,0,0
NewZealand->Mexico,0,0,0,0,0,36,0,0
Australia->SaudiArabia,11,0,0,0,181,0,0,0
Australia->USA,0,0,0,0,92,0,0,0
Uganda->Senegal,0,0,0,1,75,0,36,0
Uganda->Bangladesh,0,0,0,0,12,0,22,0
Bangladesh->SaudiArabia,0,0,0,0,9,0,41,0
Jordan->Uganda,0,0,0,5,39,0,0,0
NewZealand->HongKong,0,0,0,33,0,0,0,0
HongKong->Germany,0,0,0,65,0,0,0,0
Denmark->Australia,0,0,0,25,0,0,0,0
Australia->Vietnam,0,0,0,54,0,0,0,0
Netherlands->Malaysia,0,0,21,0,0,0,0,0
Netherlands->Norway,0,0,23,0,0,2,0,0
Taiwan->Thailand,0,0,47,1,2,0,0,0
Malaysia->NewZealand,0,0,0,0,0,9,30,0
NewZealand->Iceland,0,0,0,0,0,0,9,0
NewZealand->UnitedKingdom,0,0,0,11,0,0,34,0
HongKong->UnitedKingdom,0,0,0,0,95,0,0,0
Malaysia->India,0,0,0,0,0,38,47,0
UnitedKingdom->USA,0,0,0,35,24,0,0,0
Chile->NewZealand,0,0,0,0,0,33,0,0
Nigeria->Singapore,0,0,0,0,41,16,0,0
Nigeria->UnitedKingdom,0,0,0,0,42,0,0,0
UnitedKingdom->Brazil,0,0,0,50,0,10,0,0
Brazil->Iceland,0,0,0,20,0,27,0,0
Netherlands->NewZealand,0,0,0,33,12,14,0,0
Netherlands->Uruguay,0,0,0,39,0,67,0,0
Spain->Netherlands,0,0,0,0,33,31,3,0
Taiwan->Georgia,0,0,40,0,0,14,0,0
Italy->HongKong,0,0,49,0,0,0,0,0
Singapore->NewZealand,0,0,11,8,0,8,47,0
Thailand->Turkey,0,0,5,2,0,0,0,0
Poland->Senegal,0,0,0,31,0,0,0,0
Poland->Iceland,0,0,0,8,0,0,0,0
Iceland->Sweden,0,0,0,1,0,0,0,0
Iceland->BosniaandHerzegovina,0,0,0,2,0,0,0,0
SouthAfrica->Uganda,0,0,0,22,0,0,0,0
SouthAfrica->Russia,0,0,0,5,0,0,0,0
SouthAfrica->China,0,0,15,9,0,0,0,0
BosniaandHerzegovina->DemocraticRepublicoftheCongo,0,0,0,24,0,0,0,0
DemocraticRepublicoftheCongo->Austria,0,0,0,29,0,0,0,0
DemocraticRepublicoftheCongo->Latvia,0,0,0,12,0,0,0,0
Norway->Uganda,0,0,0,12,0,0,0,0
Norway->BosniaandHerzegovina,0,0,0,43,0,0,0,0
Italy->Sweden,0,0,3,18,0,2,0,0
Taiwan->Bangladesh,0,0,0,29,0,0,0,0
Sweden->Portugal,0,0,0,0,0,8,0,0
Portugal->CzechRepublic,0,0,0,0,0,36,0,0
Mexico->Russia,0,0,0,15,0,0,0,0
Mexico->Germany,0,0,0,30,0,0,0,0
Mexico->Bangladesh,0,0,0,14,0,0,0,0
Mexico->UnitedArabEmirates,0,0,0,16,0,0,0,0
Jordan->CzechRepublic,0,0,0,0,0,42,0,0
Russia->Brazil,0,0,0,0,0,9,0,0
Brazil->Thailand,0,0,0,0,0,5,0,0
Morocco->Vietnam,0,0,0,0,0,35,0,0
Chile->Brazil,0,0,0,0,0,19,0,0
CzechRepublic->Vietnam,0,0,0,14,0,0,0,0
Argentina->UnitedKingdom,0,0,0,42,0,0,0,0
Poland->Japan,0,0,0,0,0,26,0,0
HongKong->Greece,0,0,0,0,0,14,0,0
Brazil->Mexico,0,0,0,0,0,1,0,0
Brazil->Japan,0,0,0,0,8,56,0,0
Georgia->Netherlands,0,0,0,0,0,37,0,0
Iceland->Netherlands,0,0,0,3,0,42,7,0
Poland->Kazakhstan,0,0,0,0,0,38,43,0
Poland->Taiwan,0,0,18,3,0,10,35,0
SouthAfrica->Switzerland,0,0,0,49,0,0,34,0
Japan->Argentina,0,0,0,0,0,0,30,0
Poland->Italy,0,0,3,0,0,38,21,0
UnitedKingdom->Belgium,0,0,0,0,0,34,0,0
UnitedKingdom->Romania,0,0,0,9,0,16,0,0
Brazil->Hungary,0,0,0,0,0,4,0,0
Brazil->Belgium,0,0,0,0,0,24,0,0
Luxembourg->CzechRepublic,0,0,0,0,0,28,0,0
CzechRepublic->France,0,0,0,0,0,8,0,0
CzechRepublic->Switzerland,0,0,0,0,0,20,0,0
Australia->Latvia,0,0,0,0,0,32,0,0
Australia->UnitedArabEmirates,0,0,0,0,32,20,0,0
UnitedArabEmirates->Latvia,0,0,0,0,0,58,0,0
Latvia->Spain,0,0,0,3,0,43,9,0
Italy->Russia,0,0,0,17,0,30,0,0
BosniaandHerzegovina->Chile,0,0,0,0,0,39,0,0
Senegal->Luxembourg,0,0,0,0,0,4,0,0
Luxembourg->Morocco,0,0,0,0,0,1,1,0
Luxembourg->Israel,0,0,0,0,0,52,8,0
Austria->USA,0,0,0,4,0,12,0,0
Austria->Luxembourg,0,0,0,0,0,21,0,0
Canada->UnitedArabEmirates,0,0,0,0,0,24,0,0
Sweden->USA,0,0,18,0,29,26,0,0
Senegal->Australia,0,0,6,42,0,0,0,0
BosniaandHerzegovina->Taiwan,0,0,0,10,0,8,0,0
BosniaandHerzegovina->USA,0,0,0,1,0,3,0,0
USA->Norway,0,0,0,0,29,66,13,0
Oman->UnitedArabEmirates,0,0,0,0,80,2,0,0
Taiwan->India,0,0,7,0,2,15,0,0
India->Colombia,0,0,0,0,9,3,0,0
India->Portugal,0,0,0,0,0,10,0,0
Germany->Finland,0,0,0,0,28,0,0,0
Spain->France,0,0,0,6,75,0,0,0
Italy->Germany,0,0,0,28,34,0,0,0
France->Australia,0,0,0,0,6,6,18,0
France->Portugal,0,0,0,0,5,0,16,0
USA->DemocraticRepublicoftheCongo,0,0,0,6,14,1,0,0
USA->SaudiArabia,0,0,0,1,9,0,0,0
Bangladesh->India,0,0,0,0,28,0,0,0
Brazil->Canada,0,0,0,0,6,30,0,0
Colombia->Finland,0,0,0,0,2,21,0,0
Finland->Greece,0,0,0,0,0,18,0,0
Japan->Colombia,0,0,0,0,0,62,0,0
Norway->NewZealand,0,0,0,0,0,0,30,0
Singapore->Norway,0,0,0,0,14,0,0,0
Singapore->Morocco,0,0,0,0,37,3,0,0
Morocco->Sweden,0,0,0,0,13,0,0,0
Morocco->USA,0,0,0,0,0,23,0,0
Sweden->Singapore,0,0,0,0,4,0,6,0
Israel->Iceland,0,0,0,0,14,0,0,0
Iceland->Chile,0,0,0,0,20,0,0,0
Iceland->France,0,0,0,0,35,0,0,0
Iceland->Georgia,0,0,0,0,19,0,0,0
Georgia->Finland,0,0,0,0,45,0,0,0
BosniaandHerzegovina->Denmark,0,0,0,0,0,40,0,0
Israel->Bangladesh,0,0,0,0,0,0,33,0
Bangladesh->Hungary,0,0,0,0,0,0,37,0
UnitedKingdom->France,0,0,0,0,0,0,9,0
UnitedKingdom->Israel,0,0,0,0,0,13,37,0
Sweden->Vietnam,0,0,0,0,36,0,0,0
Vietnam->Norway,0,0,0,0,22,0,0,0
France->Netherlands,0,0,0,0,0,44,0,0
Canada->Chile,0,0,0,0,36,0,0,0
Turkey->China,0,0,0,46,0,0,0,0
Turkey->Oman,0,0,0,0,42,4,0,0
Turkey->Australia,0,0,0,0,51,0,0,0
Australia->India,0,0,0,0,38,0,0,0
India->Canada,0,0,0,0,15,19,0,0
Kazakhstan->Turkey,0,0,0,0,0,35,0,0
NewZealand->China,0,0,17,0,0,0,0,0
Taiwan->Spain,0,0,6,5,4,0,0,0
Spain->Kazakhstan,0,0,0,3,35,0,0,0
Singapore->Japan,0,0,0,42,0,0,0,0
Japan->SouthKorea,0,0,0,18,0,0,0,0
Belgium->Chile,0,0,0,35,0,31,0,0
Senegal->Uganda,0,0,0,0,36,0,0,0
Malaysia->Norway,0,0,38,0,0,0,0,0
Singapore->Canada,0,0,0,36,0,0,0,0
Malaysia->Australia,0,0,0,0,61,0,47,0
Australia->Japan,0,0,0,0,36,24,0,0
NewZealand->Spain,0,0,0,0,0,35,0,0
Oman->Austria,0,0,0,0,0,0,14,0
Netherlands->Thailand,0,0,0,0,21,14,0,0
NewZealand->Hungary,0,0,0,0,4,3,30,0
India->Thailand,0,0,0,0,62,0,0,0
Singapore->Oman,0,0,41,0,0,0,0,0
UnitedKingdom->Thailand,0,0,8,0,19,13,0,0
SaudiArabia->DemocraticRepublicoftheCongo,0,0,0,37,1,0,0,0
UnitedArabEmirates->BosniaandHerzegovina,0,0,0,11,0,0,0,0
UnitedArabEmirates->Iceland,0,0,0,6,0,0,0,0
China->Uganda,0,0,0,12,0,0,0,0
SouthAfrica->Austria,0,0,0,32,0,0,0,0
Chile->Senegal,0,0,0,15,0,1,0,0
Senegal->Norway,0,0,0,15,0,0,0,0
Germany->Sweden,0,0,74,25,0,0,0,0
Germany->Russia,0,0,0,35,0,0,0,0
Uganda->Norway,0,0,0,22,0,0,0,0
Norway->Iceland,0,0,0,3,0,0,0,0
Norway->Switzerland,0,0,0,5,0,0,0,0
Luxembourg->Sweden,0,0,0,27,0,13,0,0
Poland->Latvia,0,0,0,51,0,36,0,0
Poland->Sweden,0,0,0,138,0,16,0,0
Taiwan->SaudiArabia,0,0,0,6,0,0,0,0
Taiwan->Russia,0,0,0,36,0,0,0,0
CzechRepublic->Sweden,0,0,0,0,0,17,0,0
CzechRepublic->Turkey,0,0,0,0,0,16,10,0
UnitedArabEmirates->Mexico,0,0,0,3,0,0,0,0
UnitedArabEmirates->Bangladesh,0,0,0,42,0,0,0,0
CzechRepublic->Belgium,0,0,0,0,0,34,0,0
Japan->Austria,0,0,0,0,0,18,0,0
Austria->Thailand,0,0,9,0,0,17,0,0
Switzerland->Georgia,0,0,0,0,0,10,7,0
Argentina->Switzerland,0,0,0,30,0,0,2,0
Greece->Mexico,0,0,0,0,0,40,0,0
Mexico->UnitedKingdom,0,0,0,0,0,27,42,0
Morocco->Japan,0,0,0,0,0,19,0,0
Germany->Georgia,0,0,0,0,0,29,0,0
Switzerland->Canada,0,0,0,4,0,7,3,0
Switzerland->Oman,0,0,0,2,0,0,6,0
Latvia->Germany,0,0,0,0,0,0,34,0
Taiwan->UnitedKingdom,0,0,0,0,0,24,26,0
Taiwan->SouthAfrica,0,0,0,0,1,0,13,0
Taiwan->Switzerland,0,0,0,12,0,0,17,0
Sweden->Greece,0,0,0,0,0,0,36,0
Argentina->Japan,0,0,0,0,0,0,32,0
Russia->Chile,0,0,0,1,28,32,0,0
Chile->Finland,0,0,0,0,5,51,0,0
Australia->Portugal,0,0,0,0,0,30,27,0
Portugal->Romania,0,0,0,0,0,38,0,0
Greece->Australia,0,0,0,0,0,16,0,0
UnitedArabEmirates->Spain,0,0,0,0,0,27,0,0
Spain->China,0,0,0,0,0,9,0,0
Senegal->Taiwan,0,0,0,0,0,40,0,0
Senegal->Morocco,0,0,0,0,0,9,2,0
Senegal->UnitedKingdom,0,0,0,0,0,10,0,0
Georgia->Luxembourg,0,0,0,0,0,29,0,0
Luxembourg->Mexico,0,0,0,0,0,16,8,0
Mexico->Israel,0,0,0,0,0,0,18,0
Luxembourg->Austria,0,0,0,0,0,34,0,0
Singapore->Nigeria,0,0,0,0,28,20,0,0
Norway->USA,0,0,5,0,0,35,0,0
Latvia->DemocraticRepublicoftheCongo,0,0,0,8,0,0,9,0
Germany->Canada,0,0,0,0,0,39,16,0
Canada->UnitedKingdom,0,0,0,0,0,0,37,0
Switzerland->DemocraticRepublicoftheCongo,0,0,0,4,0,0,23,0
France->DemocraticRepublicoftheCongo,0,0,0,1,6,0,7,0
Spain->Austria,0,0,0,5,0,45,6,0
Spain->Mexico,0,0,0,0,0,48,0,0
Portugal->India,0,0,0,0,0,31,0,0
Portugal->Chile,0,0,0,0,0,42,0,0
Colombia->Greece,0,0,0,0,8,38,0,0
Italy->NewZealand,0,0,0,0,0,13,0,0
Brazil->Finland,0,0,0,0,19,6,0,0
Canada->Nigeria,0,0,0,0,47,0,0,0
Colombia->USA,0,0,0,0,0,45,0,0
Australia->Canada,0,0,0,0,7,35,0,0
Morocco->NewZealand,0,0,0,0,5,0,4,0
NewZealand->Sweden,0,0,5,0,10,0,0,0
NewZealand->France,0,0,0,0,3,3,0,0
Oman->Belgium,0,0,0,0,0,22,0,0
Australia->Bangladesh,0,0,0,19,0,0,29,0
Canada->Denmark,0,0,0,0,8,75,0,0
Germany->Brazil,0,0,0,0,46,0,0,0
Brazil->Israel,0,0,0,0,13,0,0,0
Denmark->Canada,0,0,0,0,26,0,0,0
NewZealand->Singapore,0,0,0,0,0,0,30,0
Sweden->NewZealand,0,0,12,0,8,0,6,0
Sweden->China,0,0,10,0,0,0,0,0
Singapore->Kazakhstan,0,0,0,14,6,0,0,0
Senegal->France,0,0,0,0,31,0,0,0
USA->UnitedArabEmirates,0,0,0,0,12,14,7,0
Australia->Denmark,0,0,0,16,0,0,0,0
Malaysia->Netherlands,0,0,19,0,0,0,0,0
Mexico->USA,0,0,0,0,0,0,35,0
Jordan->Nigeria,0,0,0,0,29,0,0,0
Luxembourg->Iceland,0,0,0,47,1,0,0,0
Luxembourg->Brazil,0,0,0,15,0,16,0,0
Singapore->USA,0,0,40,0,12,13,0,0
Taiwan->HongKong,0,0,15,0,0,0,0,0
Singapore->Turkey,0,0,19,0,0,0,0,0
Poland->Luxembourg,0,0,0,50,0,2,0,0
Luxembourg->BosniaandHerzegovina,0,0,0,20,0,0,0,0
Luxembourg->SouthAfrica,0,0,0,27,0,0,0,0
Luxembourg->India,0,0,0,10,0,0,0,0
Luxembourg->Russia,0,0,0,3,0,0,0,0
Luxembourg->Uganda,0,0,0,3,0,0,0,0
Russia->China,0,0,0,35,0,0,0,0
Austria->SouthAfrica,0,0,0,15,0,0,0,0
Chile->Uganda,0,0,0,1,0,0,0,0
Chile->Austria,0,0,0,1,0,0,0,0
Chile->Switzerland,0,0,0,3,0,0,0,0
Chile->Sweden,0,0,0,7,0,0,0,0
Chile->Germany,0,0,0,6,0,0,0,0
Oman->Russia,0,0,0,33,0,1,0,0
Oman->Taiwan,0,0,6,30,29,0,0,0
Jordan->Australia,0,0,0,0,0,26,0,0
Jordan->Morocco,0,0,0,0,0,26,0,0
Jordan->Bangladesh,0,0,0,0,0,26,0,0
Thailand->Morocco,0,0,0,0,0,2,0,0
Singapore->Italy,0,0,1,12,0,0,0,0
Singapore->CzechRepublic,0,0,0,21,0,0,0,0
Poland->HongKong,0,0,0,0,0,6,0,0
Greece->Morocco,0,0,0,0,0,8,0,0
Morocco->Mexico,0,0,0,0,0,6,0,0
Georgia->Germany,0,0,0,0,0,9,0,0
Jordan->BosniaandHerzegovina,0,0,0,20,12,0,0,0
Argentina->SouthAfrica,0,0,0,0,0,0,31,0
Colombia->Germany,0,0,0,0,3,35,0,0
Germany->Jordan,0,0,0,0,0,41,0,0
Poland->Hungary,0,0,0,0,0,11,0,0
Hungary->Australia,0,0,0,0,0,3,21,0
Hungary->Japan,0,0,0,0,0,8,0,0
Italy->UnitedArabEmirates,0,0,0,0,0,24,0,0
Spain->Brazil,0,0,0,3,0,40,0,0
Brazil->BosniaandHerzegovina,0,0,0,0,0,37,0,0
Morocco->BosniaandHerzegovina,0,0,0,0,0,71,0,0
Italy->Morocco,0,0,0,0,0,33,0,0
Luxembourg->Singapore,0,0,0,0,0,19,0,0
Nigeria->France,0,0,0,0,0,30,0,0
Sweden->Canada,0,0,0,0,0,14,0,0
Denmark->Finland,0,0,0,0,0,6,0,0
Denmark->Jordan,0,0,0,0,0,14,0,0
Israel->USA,0,0,0,0,0,48,14,0
Senegal->Belgium,0,0,0,14,0,0,0,0
Russia->Luxembourg,0,0,0,0,0,15,0,0
Canada->Italy,0,0,0,0,0,10,0,0
Romania->Taiwan,0,0,0,0,0,0,27,0
India->Latvia,0,0,0,0,0,13,0,0
Colombia->Chile,0,0,0,0,0,11,0,0
Finland->Germany,0,0,0,0,31,0,0,0
Switzerland->Colombia,0,0,0,6,44,0,4,0
Turkey->Bangladesh,0,0,0,0,25,0,0,0
Turkey->India,0,0,0,0,64,0,0,0
Canada->Greece,0,0,0,0,0,7,0,0
Morocco->Colombia,0,0,0,0,0,8,2,0
Chile->Israel,0,0,0,0,18,2,0,0
Chile->Iceland,0,0,0,0,30,0,0,0
Israel->Spain,0,0,0,0,0,0,16,0
Spain->Germany,0,0,0,17,0,0,33,0
France->UnitedKingdom,0,0,0,0,0,0,25,0
USA->BosniaandHerzegovina,0,0,0,5,18,0,18,0
Austria->Canada,0,0,0,0,0,35,0,0
Norway->Colombia,0,0,0,0,0,16,0,0
BosniaandHerzegovina->Netherlands,0,0,0,4,0,0,36,0
UnitedArabEmirates->Thailand,0,0,0,0,32,0,0,0
Thailand->Sweden,0,0,0,0,41,0,0,0
NewZealand->Australia,0,0,18,0,8,0,0,0
UnitedArabEmirates->SouthAfrica,0,0,50,4,0,0,0,0
SouthAfrica->USA,0,0,21,0,0,0,0,0
SouthAfrica->SouthKorea,0,0,30,0,0,0,0,0
Kazakhstan->Taiwan,0,0,7,0,0,0,25,0
Kazakhstan->Singapore,0,0,0,12,0,0,0,0
Norway->Malaysia,0,0,40,0,0,0,0,0
Taiwan->Malaysia,0,0,43,0,0,0,0,0
Thailand->NewZealand,0,0,0,0,0,40,0,0
Uruguay->Jordan,0,0,0,0,0,36,0,0
Singapore->Germany,0,0,35,0,0,0,0,0
Uganda->Austria,0,0,0,30,0,0,0,0
Uganda->Italy,0,0,0,10,0,0,0,0
Norway->Argentina,0,0,0,4,13,0,0,0
Argentina->Iceland,0,0,0,13,0,0,0,0
UnitedKingdom->India,0,0,0,30,0,0,0,0
India->Finland,0,0,0,24,0,0,0,0
Oman->SaudiArabia,0,0,0,15,0,0,0,0
Turkey->CzechRepublic,0,0,0,0,0,12,0,0
Japan->Thailand,0,0,0,0,0,33,0,0
Thailand->Italy,0,0,0,0,0,9,0,0
Vietnam->Georgia,0,0,0,0,0,0,27,0
Austria->UnitedKingdom,0,0,0,2,0,13,0,0
UnitedKingdom->Japan,0,0,0,0,0,31,0,0
Portugal->Austria,0,0,0,0,0,24,0,0
India->BosniaandHerzegovina,0,0,0,0,9,3,0,0
Kazakhstan->Switzerland,0,0,0,0,0,0,11,0
Greece->Sweden,0,0,0,0,0,0,26,0
SouthAfrica->Argentina,0,0,0,0,0,0,35,0
Hungary->Brazil,0,0,0,0,0,14,0,0
France->UnitedArabEmirates,0,0,0,0,0,18,0,0
Israel->Georgia,0,0,0,0,2,10,0,0
Jordan->Finland,0,0,0,0,0,21,0,0
Georgia->Colombia,0,0,0,0,0,19,0,0
Belgium->Senegal,0,0,0,24,0,0,0,0
Spain->Portugal,0,0,0,0,0,55,0,0
Belgium->Canada,0,0,0,0,0,0,34,0
India->Hungary,0,0,0,0,29,0,0,0
Spain->Denmark,0,0,0,0,9,0,0,0
Georgia->Portugal,0,0,0,0,0,30,0,0
Turkey->Brazil,0,0,0,0,5,1,0,0
SaudiArabia->Malaysia,0,0,0,0,31,0,0,0
Brazil->USA,0,0,0,0,9,9,0,0
Norway->Morocco,0,0,0,0,11,0,0,0
Hungary->Spain,0,0,0,0,0,0,4,0
Canada->Austria,0,0,0,0,0,21,0,0
Israel->Finland,0,0,0,0,2,0,0,0
Germany->Turkey,0,0,19,12,0,1,0,0
Australia->Norway,0,0,0,0,9,6,0,0
Sweden->Senegal,0,0,6,5,0,0,0,0
Senegal->NewZealand,0,0,18,0,0,0,0,0
Senegal->China,0,0,42,0,0,0,0,0
Thailand->Canada,0,0,24,17,0,0,0,0
Jordan->Singapore,0,0,0,0,19,0,0,0
Poland->China,0,0,30,0,0,0,0,0
Uganda->Russia,0,0,0,33,0,0,0,0
Austria->Belgium,0,0,0,27,0,0,0,0
Norway->Spain,0,0,0,6,0,0,0,0
BosniaandHerzegovina->Argentina,0,0,0,3,0,0,0,0
Sweden->Turkey,0,0,0,0,0,19,0,0
Bangladesh->Mexico,0,0,0,10,0,0,0,0
Thailand->Vietnam,0,0,0,0,0,4,0,0
Vietnam->Brazil,0,0,0,0,0,8,0,0
Israel->Poland,0,0,0,0,0,34,0,0
CzechRepublic->UnitedKingdom,0,0,0,0,0,12,0,0
Russia->Canada,0,0,0,0,0,10,13,0
Portugal->Germany,0,0,0,0,0,16,0,0
UnitedKingdom->Poland,0,0,0,0,0,15,0,0
Taiwan->Morocco,0,0,0,0,0,13,9,0
Taiwan->Luxembourg,0,0,0,0,0,10,0,0
Luxembourg->Nigeria,0,0,0,0,0,12,0,0
Finland->Jordan,0,0,0,0,0,29,0,0
Italy->Canada,0,0,0,0,0,3,5,0
Colombia->Brazil,0,0,0,0,0,14,0,0
Norway->Singapore,0,0,0,0,17,0,0,0
BosniaandHerzegovina->Oman,0,0,0,0,0,10,0,0
Oman->Denmark,0,0,0,0,0,8,0,0
CzechRepublic->Israel,0,0,0,0,0,0,14,0
CzechRepublic->Austria,0,0,0,0,0,0,5,0
Austria->Spain,0,0,0,8,0,0,3,0
Australia->Netherlands,0,0,0,0,0,0,30,0
Norway->Israel,0,0,0,0,9,0,0,0
Norway->Vietnam,0,0,0,0,15,0,0,0
Taiwan->Greece,0,0,0,0,27,0,0,0
UnitedArabEmirates->SaudiArabia,0,0,0,25,0,0,0,0
Nigeria->Greece,0,0,0,0,28,0,0,0
Oman->Australia,0,0,0,0,18,0,20,0
UnitedKingdom->DemocraticRepublicoftheCongo,0,0,0,14,0,0,3,0
Thailand->Oman,0,0,10,0,0,0,0,0
Singapore->Sweden,0,0,24,0,16,0,0,0
USA->Italy,0,0,5,3,0,0,0,0
Iceland->Uganda,0,0,0,16,0,0,0,0
Switzerland->Norway,0,0,0,12,0,9,0,0
Italy->Iceland,0,0,0,16,0,0,0,0
Oman->Morocco,0,0,0,0,0,0,8,0
Argentina->Russia,0,0,0,13,0,0,0,0
Russia->Denmark,0,0,0,11,0,0,0,0
UnitedKingdom->Germany,0,0,8,0,0,2,0,0
UnitedKingdom->CzechRepublic,0,0,0,0,0,4,0,0
HongKong->Poland,0,0,0,0,0,19,0,0
Japan->Morocco,0,0,0,0,0,33,0,0
SouthAfrica->UnitedKingdom,0,0,0,0,0,0,13,0
Japan->Italy,0,0,0,0,0,9,37,0
Vietnam->Belgium,0,0,0,0,0,35,0,0
Latvia->Hungary,0,0,0,0,0,40,0,0
Latvia->Japan,0,0,0,0,0,4,0,0
Latvia->Brazil,0,0,0,0,0,12,0,0
Spain->UnitedArabEmirates,0,0,0,0,0,1,0,0
Chile->Jordan,0,0,0,0,0,14,0,0
Austria->Senegal,0,0,0,0,0,31,0,0
Senegal->Israel,0,0,0,0,0,38,0,0
Colombia->Senegal,0,0,0,0,0,28,0,0
Senegal->Georgia,0,0,0,0,0,41,0,0
Finland->Luxembourg,0,0,0,0,18,0,0,0
India->DemocraticRepublicoftheCongo,0,0,0,0,6,0,0,0
DemocraticRepublicoftheCongo->Colombia,0,0,0,2,41,3,0,0
Israel->Chile,0,0,0,0,28,0,1,0
Spain->CzechRepublic,0,0,0,3,0,0,17,0
France->Brazil,0,0,0,0,20,0,0,0
Australia->Turkey,0,0,0,0,11,0,0,0
SaudiArabia->Thailand,6,0,15,8,0,0,0,0
Iceland->NewZealand,0,0,0,0,0,0,21,0
Sweden->HongKong,0,0,5,0,0,0,0,0
Turkey->Austria,0,0,0,5,0,0,0,0
Russia->India,0,0,0,5,0,0,0,0
Russia->Uganda,0,0,0,11,0,0,0,0
SouthAfrica->Belgium,0,0,0,16,0,0,0,0
Italy->Portugal,0,0,0,0,0,22,0,0
Kazakhstan->UnitedKingdom,0,0,0,0,0,0,20,0
Kazakhstan->SouthAfrica,0,0,0,0,0,0,9,0
Latvia->Greece,0,0,0,0,0,24,0,0
Latvia->Luxembourg,0,0,0,0,0,11,0,0
Luxembourg->Hungary,0,0,0,0,0,5,0,0
Luxembourg->Belgium,0,0,0,0,0,8,0,0
Luxembourg->Japan,0,0,0,0,0,29,0,0
UnitedArabEmirates->France,0,0,0,0,0,9,0,0
Morocco->Israel,0,0,0,0,0,2,0,0
Morocco->Luxembourg,0,0,0,0,0,6,0,0
Austria->Singapore,0,0,0,0,0,4,0,0
Senegal->Austria,0,0,0,0,0,8,0,0
USA->Vietnam,0,0,0,0,10,13,0,0
Finland->Iceland,0,0,0,0,14,0,0,0
France->India,0,0,0,0,33,5,0,0
France->Greece,0,0,0,0,14,0,0,0
Vietnam->Spain,0,0,0,0,5,4,0,0
NewZealand->Italy,0,0,0,0,0,7,0,0
DemocraticRepublicoftheCongo->Bangladesh,0,0,0,0,11,0,0,0
Canada->Finland,0,0,0,0,0,4,0,0
Israel->UnitedKingdom,0,0,0,0,0,1,39,0
HongKong->Vietnam,0,0,0,10,0,0,0,0
Poland->USA,0,0,17,0,0,0,0,0
CzechRepublic->Poland,0,0,0,0,0,13,0,0
Singapore->Vietnam,0,0,0,10,0,0,0,0
Denmark->Italy,0,0,0,19,0,0,0,0
Portugal->Mexico,0,0,0,0,0,1,0,0
Georgia->Chile,0,0,0,0,1,2,2,0
India->Spain,0,0,0,0,0,13,0,0
Greece->DemocraticRepublicoftheCongo,0,0,0,0,16,0,0,0
Norway->Austria,0,0,0,0,0,0,33,0
Spain->Israel,0,0,0,0,0,0,13,0
Taiwan->Turkey,0,0,0,0,19,6,0,0
Senegal->SaudiArabia,0,0,0,0,0,0,24,0
Australia->Germany,0,0,0,1,10,0,1,0
Canada->Singapore,0,0,0,36,0,0,0,0
Georgia->Thailand,0,4,2,0,0,0,0,0
Georgia->China,5,8,0,0,0,0,0,0
Singapore->Austria,0,0,3,3,0,0,0,0
India->Russia,0,0,0,15,0,0,0,0
Morocco->Senegal,0,0,0,0,0,5,0,0
Morocco->Taiwan,0,0,0,0,0,11,0,0
Poland->Oman,0,0,0,5,0,9,0,0
Singapore->DemocraticRepublicoftheCongo,0,0,0,0,17,0,0,0
Singapore->Hungary,0,0,0,0,5,1,0,0
Hungary->Sweden,0,0,0,0,9,0,0,0
Sweden->Georgia,0,0,15,0,7,0,0,0
Israel->Norway,0,0,0,0,14,0,0,0
NewZealand->Senegal,0,0,23,0,0,0,0,0
Taiwan->Kazakhstan,0,0,5,5,4,0,10,0
Senegal->Bangladesh,0,0,0,0,0,0,31,0
Austria->Oman,0,0,0,0,0,0,20,0
China->Austria,0,0,2,0,0,0,0,0
Mexico->Oman,0,0,0,4,0,0,0,0
Mexico->Sweden,0,0,0,11,0,0,0,0
Switzerland->Uganda,0,0,0,3,0,2,1,0
Luxembourg->Poland,0,0,0,23,0,1,0,0
Poland->SaudiArabia,0,0,0,11,0,0,0,0
SaudiArabia->Sweden,0,0,0,4,0,0,0,0
Switzerland->UnitedArabEmirates,0,0,0,0,0,10,0,0
Colombia->Luxembourg,0,0,0,0,10,0,32,0
Belgium->Luxembourg,0,0,0,0,0,10,0,0
Georgia->Morocco,0,0,0,0,0,4,2,0
Portugal->Georgia,0,0,0,0,0,12,0,0
Iceland->Israel,0,0,0,0,9,0,0,0
SouthKorea->HongKong,0,0,2,0,2,0,0,0
Austria->Chile,0,0,0,5,0,0,0,0
Portugal->Finland,0,0,0,0,0,4,0,0
Japan->Mexico,0,0,0,0,0,19,0,0
Israel->Nigeria,0,0,0,0,0,4,0,0
Nigeria->USA,0,0,0,0,0,7,0,0
Netherlands->USA,0,0,0,0,0,7,0,0
Singapore->Belgium,0,0,0,0,0,5,0,0
Austria->Bangladesh,0,0,0,0,0,0,3,0
Thailand->UnitedArabEmirates,0,0,0,0,11,0,0,0
Australia->Malaysia,0,0,0,1,5,0,0,0
Thailand->Netherlands,0,0,0,0,7,0,0,0
Singapore->Georgia,0,0,3,0,0,0,0,0
Georgia->France,0,0,1,0,18,1,0,0
Georgia->USA,0,0,2,0,0,0,0,0
Spain->Senegal,0,0,0,8,0,0,0,0
Taiwan->Iceland,0,0,0,2,0,0,0,0
Taiwan->Argentina,0,0,0,3,0,0,1,0
Russia->SaudiArabia,0,0,0,4,0,0,0,0
Vietnam->Thailand,0,0,0,0,0,1,0,0
SouthAfrica->Taiwan,0,0,0,0,0,0,6,0
DemocraticRepublicoftheCongo->Hungary,0,0,0,0,19,3,0,0
Hungary->CzechRepublic,0,0,0,0,0,0,2,0
USA->SouthAfrica,0,0,11,0,0,0,0,0
Spain->Taiwan,0,0,7,0,0,0,0,0
Spain->Singapore,0,0,0,9,0,0,0,0
Vietnam->Colombia,0,0,0,33,0,0,0,0
Uganda->Chile,0,0,0,3,0,0,0,0
Uganda->Spain,0,0,0,6,0,0,0,0
Russia->Morocco,0,0,0,0,0,1,0,0
Morocco->Thailand,0,0,0,0,0,1,0,0
Morocco->Austria,0,0,0,0,0,1,0,0
Morocco->Brazil,0,0,0,0,0,23,0,0
Australia->Switzerland,0,0,0,7,0,0,4,0
Hungary->Jordan,0,0,0,0,0,12,0,0
Latvia->Norway,0,0,0,0,0,7,0,0
Finland->Switzerland,0,0,0,0,7,0,0,0
Oman->Canada,0,0,0,0,6,1,0,0
France->HongKong,0,0,2,0,0,0,0,0
SouthAfrica->Germany,0,0,0,18,0,0,0,0
CzechRepublic->Iceland,0,0,0,8,0,0,0,0
India->UnitedKingdom,0,0,0,14,0,0,0,0
Taiwan->Chile,0,0,0,0,0,9,9,0
Taiwan->Israel,0,0,0,0,0,3,0,0
Netherlands->UnitedKingdom,0,0,0,0,0,6,4,0
Turkey->Poland,0,0,0,0,3,0,0,0
Brazil->SaudiArabia,0,0,0,0,2,1,0,0
Georgia->Spain,0,0,0,0,0,2,0,0
Georgia->Switzerland,0,0,0,0,0,7,0,0
Iceland->Russia,0,0,0,3,0,1,0,0
Taiwan->Senegal,0,0,0,0,0,14,0,0
SaudiArabia->Canada,0,0,0,0,3,0,0,0
Chile->Georgia,0,0,0,0,7,5,0,0
Georgia->Iceland,0,0,0,0,7,0,0,0
Uganda->Jordan,0,0,0,2,33,0,0,0
Canada->Malaysia,0,0,6,0,0,0,0,0
Mexico->Iceland,0,0,0,0,0,0,12,0
BosniaandHerzegovina->Spain,0,0,0,2,0,10,0,0
Spain->Oman,0,0,0,3,0,0,0,0
Spain->Uganda,0,0,0,4,0,0,0,0
Chile->Latvia,0,0,0,10,0,0,0,0
Canada->Vietnam,0,0,0,0,0,5,0,0
Spain->Argentina,0,0,0,0,0,4,0,0
Morocco->Canada,0,0,0,0,0,6,2,0
France->NewZealand,0,0,0,0,0,0,3,0
Thailand->Germany,0,0,14,0,0,0,0,0
Iceland->DemocraticRepublicoftheCongo,0,0,0,8,0,0,5,0
SouthKorea->Singapore,0,0,13,0,0,0,0,0
Italy->USA,0,0,6,0,0,0,0,0
SouthAfrica->Sweden,0,0,0,1,0,0,0,0
Switzerland->Chile,0,0,0,12,0,0,0,0
Taiwan->Mexico,0,0,0,0,0,2,0,0
Mexico->Georgia,0,0,0,0,0,1,0,0
Mexico->Luxembourg,0,0,0,0,0,1,0,0
Mexico->Switzerland,0,0,0,0,0,3,0,0
Chile->Colombia,0,0,0,0,0,6,0,0
France->Morocco,0,0,0,0,1,0,0,0
Canada->Taiwan,0,0,8,0,0,0,0,0
Greece->Jordan,0,0,0,0,9,0,0,0
India->Iceland,0,0,0,6,0,0,0,0
Luxembourg->China,0,0,0,2,0,0,0,0
Poland->Russia,0,0,0,2,0,0,0,0
Poland->Netherlands,0,0,0,1,0,0,0,0
Netherlands->Sweden,0,0,0,1,0,0,0,0
SouthAfrica->Bangladesh,0,0,0,2,0,0,0,0
Belgium->France,0,0,0,0,0,1,8,0
Colombia->Morocco,0,0,0,0,0,1,0,0
Norway->China,0,0,9,0,0,0,0,0
Finland->Colombia,0,0,0,0,4,1,0,0
CzechRepublic->Australia,0,0,0,0,0,0,1,0
Argentina->Finland,0,0,0,0,0,2,0,0
CzechRepublic->Russia,0,0,0,4,0,0,0,0
Brazil->Switzerland,0,0,0,0,0,12,0,0
Romania->Switzerland,0,0,0,7,0,0,0,0
Greece->Luxembourg,0,0,0,0,0,2,0,0
Senegal->Chile,0,0,0,7,0,4,2,0
France->Spain,0,0,0,3,0,0,2,0
BosniaandHerzegovina->CzechRepublic,0,0,0,2,0,10,0,0
CzechRepublic->Argentina,0,0,0,1,0,0,1,0
Romania->UnitedKingdom,0,0,0,2,0,0,0,0
Finland->Argentina,0,0,0,0,0,10,0,0
India->Jordan,0,0,0,4,0,0,0,0
Greece->Belgium,0,0,0,0,0,6,0,0
BosniaandHerzegovina->UnitedArabEmirates,0,0,0,4,0,4,0,0
Morocco->Hungary,0,0,0,0,1,0,0,0
Luxembourg->Oman,0,0,0,0,0,3,0,0
DemocraticRepublicoftheCongo->Greece,0,0,0,0,5,0,0,0
Germany->SaudiArabia,0,0,4,2,0,0,0,0
Australia->Argentina,0,0,0,6,0,0,0,0
Mexico->Brazil,0,0,0,0,0,5,0,0
USA->Denmark,0,0,0,0,8,0,0,0
Finland->Israel,0,0,0,0,2,0,0,0
Finland->Brazil,0,0,0,0,1,0,0,0
Israel->Morocco,0,0,0,0,0,0,1,0
Argentina->Spain,0,0,0,0,0,1,0,0
Argentina->DemocraticRepublicoftheCongo,0,0,0,0,0,2,0,0
Australia->CzechRepublic,0,0,0,0,0,0,1,0
Austria->China,0,0,3,0,0,0,0,0
Taiwan->France,0,0,4,0,0,0,0,0
Italy->Thailand,0,0,0,0,0,2,0,0
BosniaandHerzegovina->Senegal,0,0,0,0,0,10,0,0
BosniaandHerzegovina->Japan,0,0,0,0,0,10,0,0
BosniaandHerzegovina->Hungary,0,0,0,0,0,10,0,0
HongKong->Denmark,0,0,0,13,0,0,0,0
Russia->Senegal,0,0,0,7,0,0,0,0
Argentina->CzechRepublic,0,0,0,4,0,0,0,0
Portugal->Sweden,0,0,0,0,0,6,0,0
Hungary->Luxembourg,0,0,0,0,0,6,0,0
Canada->SaudiArabia,0,0,0,0,1,0,0,0
Canada->Bangladesh,0,0,0,0,1,0,0,0
Bangladesh->Israel,0,0,0,0,0,0,7,0
UnitedKingdom->SaudiArabia,0,0,3,0,0,0,0,0
Austria->Morocco,0,0,0,0,0,7,0,0
Mexico->Portugal,0,0,0,0,0,7,0,0
Norway->Turkey,0,0,0,0,0,6,0,0
Senegal->Colombia,0,0,0,0,0,8,0,0
Brazil->Turkey,0,0,0,0,1,0,0,0
Brazil->Bangladesh,0,0,0,0,1,0,0,0
Colombia->Israel,0,0,0,0,0,5,0,0
UnitedKingdom->China,0,0,3,2,0,0,0,0
Nigeria->Austria,0,0,0,0,0,1,0,0
Nigeria->Luxembourg,0,0,0,0,0,1,0,0
Singapore->HongKong,0,0,1,0,0,0,0,0
Oman->Portugal,0,0,0,0,0,0,3,0
Austria->Nigeria,0,0,0,0,0,2,0,0
Georgia->SouthKorea,3,3,2,0,0,0,0,0
India->Poland,0,0,6,0,0,0,0,0
UnitedArabEmirates->UnitedKingdom,0,0,0,0,0,2,2,0
Canada->Poland,0,0,0,0,0,4,0,0
Spain->Russia,0,0,0,3,0,0,0,0
Jordan->India,0,0,0,1,8,0,0,0
CzechRepublic->Netherlands,0,0,0,1,0,0,1,0
Portugal->France,0,0,0,0,6,0,0,0
Austria->CzechRepublic,0,0,0,0,0,0,2,0
Canada->Hungary,0,0,0,0,0,7,0,0
Austria->Japan,0,0,0,0,0,2,0,0
Chile->Taiwan,0,0,0,0,0,3,0,0
Romania->Poland,0,0,0,0,0,2,0,0
Luxembourg->Latvia,0,0,0,0,0,2,0,0
Iceland->Colombia,0,0,0,0,3,0,0,0
Vietnam->Germany,0,0,0,3,0,0,0,0
Thailand->Georgia,5,0,0,0,0,0,0,0
Belgium->Portugal,0,0,0,0,0,3,0,0
Taiwan->Netherlands,0,0,0,0,0,0,1,0
Bangladesh->Senegal,0,0,0,0,0,0,12,0
Argentina->Vietnam,0,0,0,10,0,0,0,0
Argentina->Austria,0,0,0,1,0,0,2,0
Taiwan->BosniaandHerzegovina,0,0,0,6,0,0,0,0
UnitedKingdom->Turkey,0,0,2,2,0,0,0,0
Austria->Colombia,0,0,0,0,0,4,0,0
Iceland->China,0,0,0,2,0,0,0,0
Senegal->Spain,0,0,0,3,0,0,0,0
Greece->HongKong,0,0,0,0,0,2,0,0
Japan->Hungary,0,0,0,0,0,3,0,0
SouthKorea->Australia,0,5,2,0,0,0,0,0
Iceland->Taiwan,0,0,0,1,0,0,0,0
Spain->Thailand,0,0,0,1,0,0,0,0
Switzerland->Finland,0,0,0,0,8,0,0,0
Belgium->Latvia,0,0,0,0,0,3,0,0
Singapore->Luxembourg,0,0,0,0,0,2,0,0
Kazakhstan->Australia,0,0,0,3,0,0,0,0
Austria->Argentina,0,0,0,1,0,0,0,0
Australia->Brazil,0,0,0,0,0,1,0,0
Brazil->Latvia,0,0,0,0,0,1,0,0
Brazil->India,0,0,0,0,2,0,0,0
Poland->Brazil,0,0,0,0,0,2,0,0
Turkey->Singapore,0,0,1,0,0,0,0,0
Uganda->UnitedArabEmirates,0,0,0,0,0,2,0,0
Uganda->UnitedKingdom,0,0,0,0,0,0,3,0
Italy->Israel,0,0,0,0,0,1,0,0
USA->Bangladesh,0,0,0,0,5,0,0,0
Hungary->India,0,0,0,0,3,0,0,0
Luxembourg->Senegal,0,0,0,0,0,1,0,0
Oman->Mexico,0,0,0,7,0,0,2,0
Uganda->SouthAfrica,0,0,0,3,0,0,0,0
Mexico->France,0,0,0,0,0,2,0,0
SouthKorea->Georgia,1,0,0,0,0,0,0,0
Taiwan->Latvia,0,0,0,0,0,1,0,0
Chile->Russia,0,0,0,1,0,0,0,0
Germany->Singapore,0,0,3,0,0,0,0,0
Norway->Australia,0,0,0,0,1,0,0,0
Oman->BosniaandHerzegovina,0,0,0,0,0,1,0,0
SaudiArabia->Germany,0,0,3,0,0,0,0,0
Oman->Luxembourg,0,0,0,0,0,2,0,0
Argentina->BosniaandHerzegovina,0,0,0,1,0,0,0,0
Argentina->Taiwan,0,0,0,1,0,0,0,0
Hungary->Italy,0,0,0,0,0,0,2,0
Germany->SouthAfrica,0,0,0,2,0,0,0,0
Oman->Norway,0,0,0,0,1,1,0,0
Uganda->Iceland,0,0,0,1,0,0,0,0
Colombia->Denmark,0,0,0,0,0,2,0,0
Colombia->Norway,0,0,0,0,0,2,0,0
UnitedArabEmirates->Poland,0,0,0,0,0,1,0,0
Netherlands->Hungary,0,0,0,0,0,0,2,0
Chile->Luxembourg,0,0,0,0,0,2,0,0
Colombia->Iceland,0,0,0,0,2,0,0,0
China->Italy,0,0,2,0,0,0,0,0
Japan->Latvia,0,0,0,0,0,1,0,0
Belgium->Greece,0,0,0,0,0,1,0,0
Singapore->Colombia,0,0,0,0,0,2,0,0
India->Luxembourg,0,0,0,1,0,0,0,0
Georgia->Mexico,0,0,0,0,0,0,1,0
Belgium->BosniaandHerzegovina,0,0,0,0,0,1,0,0
SouthKorea->UnitedKingdom,0,0,0,0,1,0,0,0
Senegal->Italy,0,0,0,1,0,0,0,0
